Reactant Fraction for H2 C1 Inlet1 PFR (C1)_(mole_fraction),Reactant Fraction for CO C1 Inlet1 PFR (C1)_(mole_fraction),Reactant Fraction for CO2 C1 Inlet1 PFR (C1)_(mole_fraction),Reactant Fraction for CH4 C1 Inlet1 PFR (C1)_(mole_fraction),Axial Velocity C1 Inlet1 PFR (C1)_(cm/sec),Pressure C1 PFR PFR (C1)_(atm),Temperature C1 PFR PFR (C1)_(C),Reactant Fraction for NH3 C1 Inlet1 PFR (C1)_(mole_fraction),Plug flow residence time end point_(sec),Mole fraction NO end point,Mole fraction NH3 end point,Mole fraction CO end point,Mole fraction CH4 end point,Mole fraction H2 end point,Mole fraction NO2 end point,Mole fraction N2O end point
0.000408,0.000276,0.150372,0.000126,25,0.5,550,0.00036,1.8,0.000199992,0.000359997,0.000275999,0.000126,0.000407998,0,0
0.000408,0.000276,0.150372,0.000126,25,0.5,575,0.00036,1.8,0.000199952,0.000359978,0.000275997,0.000125997,0.00040798,2.58E-08,0
0.000408,0.000276,0.150372,0.000126,25,0.5,600,0.00036,1.799594,0.000172398,0.000340524,0.000274607,0.000121693,0.00039128,9.82E-06,3.07E-07
0.000408,0.000276,0.150372,0.000126,25,0.5,625,0.00036,1.797883,0.000112581,0.00027159,0.000277936,0.000105171,0.000327538,1.36E-05,3.21E-06
0.000408,0.000276,0.150372,0.000126,25,0.5,650,0.00036,1.794756,3.47E-05,0.000166373,0.000284961,7.43E-05,0.000213068,8.59E-06,1.10E-05
0.000408,0.000276,0.150372,0.000126,25,0.5,675,0.00036,1.791346,5.47E-06,0.000103995,0.000284934,4.71E-05,0.000118083,1.61E-06,1.65E-05
0.000408,0.000276,0.150372,0.000126,25,0.5,700,0.00036,1.788974,3.36E-06,6.73E-05,0.000276792,2.70E-05,5.82E-05,7.07E-07,1.45E-05
0.000408,0.000276,0.150372,0.000126,25,0.5,725,0.00036,1.786564,6.40E-06,9.71E-06,0.000211644,3.49E-06,6.21E-06,1.28E-06,1.34E-05
0.000408,0.000276,0.150372,0.000126,25,0.5,750,0.00036,1.783433,2.51E-05,8.98E-12,2.33E-05,2.00E-11,7.39E-09,1.54E-06,1.45E-05
0.000408,0.000276,0.150372,0.000126,25,0.5,775,0.00036,1.782874,5.70E-05,5.32E-13,1.08E-05,2.44E-13,3.32E-09,1.76E-06,1.59E-05
0.000408,0.000276,0.150372,0.000126,25,0.5,800,0.00036,1.783096,0.000101181,2.77E-13,7.56E-06,3.37E-14,2.36E-09,2.01E-06,1.75E-05
0.000408,0.000276,0.150372,0.000126,25,0.5,825,0.00036,1.783539,0.0001502,-1.51E-12,5.82E-06,1.74E-15,1.90E-09,2.22E-06,1.86E-05
0.000408,0.000276,0.150372,0.000126,25,0.5,850,0.00036,1.784035,0.000197799,1.56E-13,4.47E-06,3.34E-17,1.57E-09,2.35E-06,1.86E-05
0.000408,0.000276,0.150372,0.000126,25,0.5,875,0.00036,1.784519,0.000240535,1.32E-13,3.31E-06,3.52E-19,1.31E-09,2.39E-06,1.71E-05
0.000408,0.000276,0.150372,0.000126,25,0.5,900,0.00036,1.784973,0.000277418,1.07E-13,2.35E-06,-7.21E-19,1.11E-09,2.36E-06,1.43E-05
0.000408,0.000276,0.150372,0.000126,25,0.5,925,0.00036,1.785398,0.000308699,6.77E-14,1.62E-06,3.25E-20,9.76E-10,2.28E-06,1.08E-05
0.000408,0.000276,0.150372,0.000126,25,0.5,950,0.00036,1.785794,0.000335074,5.64E-14,1.10E-06,3.24E-19,8.93E-10,2.16E-06,7.11E-06
0.000408,0.000276,0.150372,0.000126,25,0.5,975,0.00036,1.786166,0.00035729,3.57E-14,7.63E-07,-2.01E-20,8.55E-10,2.00E-06,3.93E-06
0.000408,0.000276,0.150372,0.000126,25,0.5,1000,0.00036,1.786518,0.000376018,2.01E-14,5.57E-07,1.91E-19,8.64E-10,1.80E-06,1.72E-06
0.000408,0.000276,0.150372,0.000126,25,0.5,1025,0.00036,1.786854,0.000391793,9.73E-15,4.42E-07,7.73E-19,9.58E-10,1.60E-06,5.55E-07
0.000408,0.000276,0.150372,0.000126,25,0.5,1050,0.00036,1.787174,0.000405031,3.82E-15,4.09E-07,2.44E-20,1.20E-09,1.43E-06,1.26E-07
0.000408,0.000276,0.150372,0.000126,25,0.5,1075,0.00036,1.787481,0.000416084,1.08E-15,4.74E-07,2.43E-17,1.68E-09,1.31E-06,2.74E-08
0.000408,0.000276,0.150372,0.000126,25,0.5,1100,0.00036,1.787776,0.000425284,2.33E-16,6.59E-07,-2.09E-21,2.43E-09,1.21E-06,1.62E-08
0.000408,0.000276,0.150372,0.000126,25,0.5,1125,0.00036,1.78806,0.000432944,3.61E-17,9.83E-07,-1.33E-21,3.54E-09,1.13E-06,1.73E-08
0.000408,0.000276,0.150372,0.000126,25,0.5,1150,0.00036,1.788334,0.000439366,1.52E-17,1.48E-06,-7.15E-22,5.12E-09,1.05E-06,1.93E-08
0.000408,0.000276,0.150372,0.000126,25,0.5,1175,0.00036,1.7886,0.000444844,2.33E-17,2.21E-06,-2.14E-19,7.32E-09,9.77E-07,2.16E-08
0.000408,0.000276,0.150372,0.000126,25,0.5,1200,0.00036,1.788861,0.000449626,3.64E-17,3.26E-06,1.19E-21,1.03E-08,9.11E-07,2.41E-08
0.000408,0.000276,0.150372,0.000126,25,0.5,1225,0.00036,1.789117,0.000453922,5.81E-17,4.75E-06,-1.67E-23,1.45E-08,8.51E-07,2.67E-08
0.000408,0.000276,0.150372,0.000126,25,0.5,1250,0.00036,1.789372,0.000457893,9.96E-17,6.84E-06,1.00E-21,2.00E-08,7.96E-07,2.96E-08
0,0,0.15,0,25,1,550,0.00024,1.8,0.000199993,0.00024,0,0,0,0,0
0,0,0.15,0,25,1,575,0.00024,1.8,0.000199992,0.000239999,0,0,0,0,0
0,0,0.15,0,25,1,600,0.00024,1.8,0.00019999,0.000239998,0,0,0,0,0
0,0,0.15,0,25,1,625,0.00024,1.8,0.000199984,0.000239994,0,0,0,0,0
0,0,0.15,0,25,1,650,0.00024,1.8,0.000199971,0.000239986,0,0,0,1.47E-08,0
0,0,0.15,0,25,1,675,0.00024,1.8,0.000199942,0.000239966,0,0,0,2.49E-08,0
0,0,0.15,0,25,1,700,0.00024,1.799999,0.000199876,0.000239922,0,0,0,4.64E-08,0
0,0,0.15,0,25,1,725,0.00024,1.799998,0.000199728,0.000239817,0,0,0,9.23E-08,0
0,0,0.15,0,25,1,750,0.00024,1.799995,0.000199373,0.000239558,0,0,0,1.95E-07,0
0,0,0.15,0,25,1,775,0.00024,1.799988,0.000198397,0.000238815,0,0,0,4.57E-07,0
0,0,0.15,0,25,1,800,0.00024,1.79996,0.000194322,0.000235521,1.24E-08,0,0,1.45E-06,0
0,0,0.15,0,25,1,825,0.00024,1.7996,0.000149122,0.000188668,1.84E-07,0,2.66E-08,7.90E-06,7.24E-07
0,0,0.15,0,25,1,850,0.00024,1.798524,7.62E-05,8.23E-05,6.78E-07,0,6.90E-08,6.99E-06,3.93E-06
0,0,0.15,0,25,1,875,0.00024,1.797609,4.37E-05,2.00E-05,1.07E-06,0,4.92E-08,4.39E-06,5.55E-06
0,0,0.15,0,25,1,900,0.00024,1.797029,3.97E-05,1.22E-06,1.05E-06,0,6.49E-09,2.53E-06,4.71E-06
0,0,0.15,0,25,1,925,0.00024,1.796757,4.53E-05,8.25E-09,6.91E-07,0,2.13E-10,1.10E-06,3.18E-06
0,0,0.15,0,25,1,950,0.00024,1.796663,5.23E-05,-8.03E-12,4.42E-07,0,1.38E-10,6.76E-07,1.78E-06
0,0,0.15,0,25,1,975,0.00024,1.796663,6.13E-05,-2.98E-11,3.20E-07,0,1.33E-10,5.88E-07,7.95E-07
0,0,0.15,0,25,1,1000,0.00024,1.796715,7.31E-05,4.08E-13,2.61E-07,0,1.36E-10,5.44E-07,2.64E-07
0,0,0.15,0,25,1,1025,0.00024,1.796799,8.78E-05,-1.85E-16,2.31E-07,0,1.59E-10,5.28E-07,6.57E-08
0,0,0.15,0,25,1,1050,0.00024,1.796902,0.000105277,3.87E-14,2.34E-07,0,2.13E-10,5.45E-07,2.18E-08
0,0,0.15,0,25,1,1075,0.00024,1.797016,0.000125035,5.63E-18,2.84E-07,0,3.07E-10,5.77E-07,1.83E-08
0,0,0.15,0,25,1,1100,0.00024,1.797135,0.000146276,-1.34E-14,4.00E-07,0,4.51E-10,6.11E-07,2.03E-08
0,0,0.15,0,25,1,1125,0.00024,1.797256,0.000168125,-1.19E-17,6.00E-07,0,6.61E-10,6.40E-07,2.30E-08
0,0,0.15,0,25,1,1150,0.00024,1.797374,0.000189807,2.72E-18,9.08E-07,0,9.60E-10,6.62E-07,2.60E-08
0,0,0.15,0,25,1,1175,0.00024,1.797488,0.000210727,1.27E-18,1.36E-06,0,1.38E-09,6.76E-07,2.93E-08
0,0,0.15,0,25,1,1200,0.00024,1.797598,0.000230483,-1.02E-16,2.02E-06,0,1.96E-09,6.81E-07,3.29E-08
0,0,0.15,0,25,1,1225,0.00024,1.797704,0.000248848,1.27E-17,2.95E-06,0,2.74E-09,6.80E-07,3.67E-08
0,0,0.15,0,25,1,1250,0.00024,1.797806,0.000265751,1.93E-17,4.26E-06,0,3.80E-09,6.72E-07,4.09E-08
0.000306,0.000207,0.150279,9.45E-05,25,2.5,550,0.00012,1.8,0.000199947,0.000119997,0.000206998,9.45E-05,0.000305995,4.96E-08,0
0.000306,0.000207,0.150279,9.45E-05,25,2.5,575,0.00012,1.8,0.000199927,0.000119991,0.000206996,9.45E-05,0.000305983,6.35E-08,0
0.000306,0.000207,0.150279,9.45E-05,25,2.5,600,0.00012,1.799999,0.000199854,0.00011997,0.000206987,9.45E-05,0.000305943,1.16E-07,0
0.000306,0.000207,0.150279,9.45E-05,25,2.5,625,0.00012,1.799996,0.000199502,0.00011987,0.000206953,9.44E-05,0.000305744,3.65E-07,0
0.000306,0.000207,0.150279,9.45E-05,25,2.5,650,0.00012,1.799573,0.000137127,8.26E-05,0.000207857,7.59E-05,0.00023112,4.16E-05,2.17E-06
0.000306,0.000207,0.150279,9.45E-05,25,2.5,675,0.00012,1.793317,9.47E-05,1.79E-06,0.000150689,7.92E-06,1.28E-05,6.86E-05,1.05E-05
0.000306,0.000207,0.150279,9.45E-05,25,2.5,700,0.00012,1.791958,9.41E-05,6.49E-07,0.000131805,3.92E-06,5.29E-06,6.46E-05,1.04E-05
0.000306,0.000207,0.150279,9.45E-05,25,2.5,725,0.00012,1.791319,9.50E-05,2.75E-07,0.000117595,2.04E-06,2.38E-06,5.85E-05,1.02E-05
0.000306,0.000207,0.150279,9.45E-05,25,2.5,750,0.00012,1.790947,9.65E-05,1.05E-07,0.000103186,9.53E-07,9.43E-07,5.11E-05,9.80E-06
0.000306,0.000207,0.150279,9.45E-05,25,2.5,775,0.00012,1.7907,9.89E-05,2.73E-08,8.55E-05,3.27E-07,2.61E-07,4.29E-05,9.21E-06
0.000306,0.000207,0.150279,9.45E-05,25,2.5,800,0.00012,1.79051,0.000102881,3.02E-09,6.21E-05,5.70E-08,3.51E-08,3.40E-05,8.27E-06
0.000306,0.000207,0.150279,9.45E-05,25,2.5,825,0.00012,1.790348,0.00010933,6.50E-11,3.62E-05,2.93E-09,3.40E-09,2.47E-05,6.95E-06
0.000306,0.000207,0.150279,9.45E-05,25,2.5,850,0.00012,1.790246,0.000118321,4.75E-13,1.67E-05,3.60E-11,1.40E-09,1.61E-05,5.32E-06
0.000306,0.000207,0.150279,9.45E-05,25,2.5,875,0.00012,1.790248,0.000128946,2.20E-13,6.69E-06,1.52E-13,6.60E-10,9.66E-06,3.55E-06
0.000306,0.000207,0.150279,9.45E-05,25,2.5,900,0.00012,1.790351,0.000140659,2.41E-13,2.56E-06,1.64E-16,3.06E-10,5.74E-06,1.95E-06
0.000306,0.000207,0.150279,9.45E-05,25,2.5,925,0.00012,1.790522,0.000153668,2.37E-13,9.84E-07,1.04E-19,1.56E-10,3.64E-06,8.08E-07
0.000306,0.000207,0.150279,9.45E-05,25,2.5,950,0.00012,1.790733,0.000168107,2.09E-13,3.78E-07,-7.84E-21,9.75E-11,2.58E-06,2.29E-07
0.000306,0.000207,0.150279,9.45E-05,25,2.5,975,0.00012,1.790962,0.00018351,1.63E-13,1.43E-07,7.30E-20,8.66E-11,2.11E-06,4.87E-08
0.000306,0.000207,0.150279,9.45E-05,25,2.5,1000,0.00012,1.791196,0.000198975,1.08E-13,7.00E-08,2.32E-21,1.10E-10,1.93E-06,2.18E-08
0.000306,0.000207,0.150279,9.45E-05,25,2.5,1025,0.00012,1.791427,0.000213592,5.77E-14,7.05E-08,-6.12E-22,1.65E-10,1.85E-06,2.22E-08
0.000306,0.000207,0.150279,9.45E-05,25,2.5,1050,0.00012,1.791649,0.000226718,2.31E-14,1.06E-07,-5.51E-22,2.52E-10,1.77E-06,2.52E-08
0.000306,0.000207,0.150279,9.45E-05,25,2.5,1075,0.00012,1.79186,0.000238106,6.24E-15,1.68E-07,3.61E-24,3.82E-10,1.69E-06,2.88E-08
0.000306,0.000207,0.150279,9.45E-05,25,2.5,1100,0.00012,1.792061,0.000247808,8.50E-16,2.64E-07,3.30E-21,5.70E-10,1.60E-06,3.29E-08
0.000306,0.000207,0.150279,9.45E-05,25,2.5,1125,0.00012,1.792252,0.000256022,2.15E-16,4.08E-07,1.12E-25,8.39E-10,1.51E-06,3.74E-08
0.000306,0.000207,0.150279,9.45E-05,25,2.5,1150,0.00012,1.792435,0.000262986,3.03E-17,6.21E-07,1.48E-26,1.22E-09,1.42E-06,4.24E-08
0.000306,0.000207,0.150279,9.45E-05,25,2.5,1175,0.00012,1.79261,0.000268946,1.71E-17,9.31E-07,7.94E-28,1.75E-09,1.34E-06,4.78E-08
0.000306,0.000207,0.150279,9.45E-05,25,2.5,1200,0.00012,1.792779,0.000274125,2.59E-17,1.38E-06,1.16E-29,2.48E-09,1.26E-06,5.36E-08
0.000306,0.000207,0.150279,9.45E-05,25,2.5,1225,0.00012,1.792942,0.00027874,4.09E-17,2.01E-06,3.35E-31,3.47E-09,1.18E-06,6.00E-08
0.000306,0.000207,0.150279,9.45E-05,25,2.5,1250,0.00012,1.793103,0.00028301,6.32E-17,2.90E-06,1.24E-32,4.80E-09,1.11E-06,6.68E-08
0.000102,6.90E-05,0.150093,3.15E-05,25,5,550,0,1.8,0.000199819,0,6.90E-05,3.15E-05,0.00010199,1.80E-07,0
0.000102,6.90E-05,0.150093,3.15E-05,25,5,575,0,1.799999,0.000199738,0,6.90E-05,3.15E-05,0.000101918,2.59E-07,0
0.000102,6.90E-05,0.150093,3.15E-05,25,5,600,0,1.799992,0.000198174,0,6.88E-05,3.12E-05,0.000100641,1.80E-06,0
0.000102,6.90E-05,0.150093,3.15E-05,25,5,625,0,1.799726,0.000155233,0,6.89E-05,2.21E-05,6.45E-05,4.46E-05,0
0.000102,6.90E-05,0.150093,3.15E-05,25,5,650,0,1.798887,0.000117199,0,6.43E-05,1.00E-05,2.32E-05,8.27E-05,0
0.000102,6.90E-05,0.150093,3.15E-05,25,5,675,0,1.798213,0.000107532,0,5.59E-05,4.50E-06,8.27E-06,9.24E-05,0
0.000102,6.90E-05,0.150093,3.15E-05,25,5,700,0,1.797831,0.000108238,0,4.86E-05,2.22E-06,3.35E-06,9.17E-05,0
0.000102,6.90E-05,0.150093,3.15E-05,25,5,725,0,1.797634,0.000113355,0,4.29E-05,1.18E-06,1.50E-06,8.66E-05,0
0.000102,6.90E-05,0.150093,3.15E-05,25,5,750,0,1.797539,0.000121256,0,3.83E-05,6.46E-07,7.08E-07,7.87E-05,0
0.000102,6.90E-05,0.150093,3.15E-05,25,5,775,0,1.797499,0.000131599,0,3.42E-05,3.44E-07,3.25E-07,6.84E-05,1.17E-08
0.000102,6.90E-05,0.150093,3.15E-05,25,5,800,0,1.797491,0.00014426,0,3.01E-05,1.64E-07,1.32E-07,5.57E-05,1.66E-08
0.000102,6.90E-05,0.150093,3.15E-05,25,5,825,0,1.797499,0.000158508,0,2.54E-05,6.12E-08,3.99E-08,4.15E-05,2.24E-08
0.000102,6.90E-05,0.150093,3.15E-05,25,5,850,0,1.797512,0.000172308,0,1.99E-05,1.40E-08,6.96E-09,2.77E-05,2.85E-08
0.000102,6.90E-05,0.150093,3.15E-05,25,5,875,0,1.797522,0.000183026,0,1.37E-05,1.43E-09,6.42E-10,1.69E-05,3.34E-08
0.000102,6.90E-05,0.150093,3.15E-05,25,5,900,0,1.797529,0.000189729,0,8.10E-06,5.19E-11,1.58E-10,1.02E-05,3.44E-08
0.000102,6.90E-05,0.150093,3.15E-05,25,5,925,0,1.797536,0.00019351,0,4.13E-06,1.91E-12,9.10E-11,6.44E-06,3.10E-08
0.000102,6.90E-05,0.150093,3.15E-05,25,5,950,0,1.79755,0.000195557,0,1.81E-06,6.70E-13,4.95E-11,4.38E-06,2.68E-08
0.000102,6.90E-05,0.150093,3.15E-05,25,5,975,0,1.797573,0.000196596,0,6.74E-07,1.27E-16,2.80E-11,3.34E-06,2.54E-08
0.000102,6.90E-05,0.150093,3.15E-05,25,5,1000,0,1.797603,0.000197132,0,2.11E-07,-9.31E-18,2.21E-11,2.81E-06,2.69E-08
0.000102,6.90E-05,0.150093,3.15E-05,25,5,1025,0,1.797639,0.000197466,0,7.96E-08,-1.09E-18,2.72E-11,2.48E-06,3.03E-08
0.000102,6.90E-05,0.150093,3.15E-05,25,5,1050,0,1.797679,0.000197736,0,7.31E-08,-1.34E-21,4.03E-11,2.24E-06,3.47E-08
0.000102,6.90E-05,0.150093,3.15E-05,25,5,1075,0,1.797722,0.000197989,0,1.09E-07,-1.96E-20,6.09E-11,2.03E-06,3.98E-08
0.000102,6.90E-05,0.150093,3.15E-05,25,5,1100,0,1.797767,0.000198246,0,1.71E-07,3.09E-22,9.12E-11,1.85E-06,4.56E-08
0.000102,6.90E-05,0.150093,3.15E-05,25,5,1125,0,1.797812,0.000198525,0,2.65E-07,3.06E-26,1.35E-10,1.69E-06,5.20E-08
0.000102,6.90E-05,0.150093,3.15E-05,25,5,1150,0,1.797857,0.000198854,0,4.05E-07,2.11E-27,1.96E-10,1.55E-06,5.90E-08
0.000102,6.90E-05,0.150093,3.15E-05,25,5,1175,0,1.797903,0.000199275,0,6.09E-07,1.43E-28,2.82E-10,1.43E-06,6.66E-08
0.000102,6.90E-05,0.150093,3.15E-05,25,5,1200,0,1.79795,0.000199854,0,9.03E-07,1.57E-29,4.00E-10,1.32E-06,7.49E-08
0.000102,6.90E-05,0.150093,3.15E-05,25,5,1225,0,1.797996,0.000200692,0,1.32E-06,-2.45E-31,5.61E-10,1.23E-06,8.39E-08
0.000102,6.90E-05,0.150093,3.15E-05,25,5,1250,0,1.798045,0.000201944,0,1.91E-06,-1.15E-32,7.79E-10,1.14E-06,9.37E-08
0.000306,0.000207,0.150279,9.45E-05,50,0.5,550,0.00024,0.9,0.000199997,0.000239999,0.000207,9.45E-05,0.000305999,0,0
0.000306,0.000207,0.150279,9.45E-05,50,0.5,575,0.00024,0.8999999,0.000199986,0.000239994,0.000206999,9.45E-05,0.000305994,0,0
0.000306,0.000207,0.150279,9.45E-05,50,0.5,600,0.00024,0.8999442,0.000184234,0.000230797,0.000206102,9.22E-05,0.000297219,6.86E-06,9.29E-08
0.000306,0.000207,0.150279,9.45E-05,50,0.5,625,0.00024,0.8994968,0.000151283,0.000200618,0.000206965,8.43E-05,0.000266798,1.36E-05,1.05E-06
0.000306,0.000207,0.150279,9.45E-05,50,0.5,650,0.00024,0.8986603,0.000102182,0.000142746,0.000212089,6.70E-05,0.000202437,1.38E-05,4.08E-06
0.000306,0.000207,0.150279,9.45E-05,50,0.5,675,0.00024,0.897238,4.10E-05,6.14E-05,0.000213529,3.63E-05,9.74E-05,9.07E-06,1.02E-05
0.000306,0.000207,0.150279,9.45E-05,50,0.5,700,0.00024,0.8958782,2.01E-05,1.51E-05,0.000191653,1.16E-05,2.61E-05,5.07E-06,1.34E-05
0.000306,0.000207,0.150279,9.45E-05,50,0.5,725,0.00024,0.894919,3.06E-05,5.19E-07,0.000122481,6.98E-07,1.25E-06,2.87E-06,1.26E-05
0.000306,0.000207,0.150279,9.45E-05,50,0.5,750,0.00024,0.8943882,5.42E-05,5.05E-09,6.44E-05,1.49E-08,3.34E-08,2.50E-06,1.18E-05
0.000306,0.000207,0.150279,9.45E-05,50,0.5,775,0.00024,0.8942027,8.39E-05,9.65E-11,3.93E-05,5.49E-10,9.40E-09,2.51E-06,1.21E-05
0.000306,0.000207,0.150279,9.45E-05,50,0.5,800,0.00024,0.8942107,0.000118089,4.04E-12,2.72E-05,3.14E-11,6.47E-09,2.52E-06,1.28E-05
0.000306,0.000207,0.150279,9.45E-05,50,0.5,825,0.00024,0.8943002,0.000153493,-1.15E-11,2.02E-05,1.81E-12,5.05E-09,2.52E-06,1.35E-05
0.000306,0.000207,0.150279,9.45E-05,50,0.5,850,0.00024,0.8944248,0.000186943,1.69E-13,1.54E-05,9.24E-14,4.12E-09,2.50E-06,1.36E-05
0.000306,0.000207,0.150279,9.45E-05,50,0.5,875,0.00024,0.8945629,0.00021669,1.48E-13,1.20E-05,3.58E-15,3.43E-09,2.45E-06,1.29E-05
0.000306,0.000207,0.150279,9.45E-05,50,0.5,900,0.00024,0.8946986,0.000242291,2.62E-13,9.31E-06,7.72E-17,2.90E-09,2.37E-06,1.15E-05
0.000306,0.000207,0.150279,9.45E-05,50,0.5,925,0.00024,0.8948291,0.000264018,7.20E-14,7.21E-06,9.52E-19,2.49E-09,2.26E-06,9.63E-06
0.000306,0.000207,0.150279,9.45E-05,50,0.5,950,0.00024,0.8949557,0.000282381,5.22E-14,5.55E-06,1.05E-20,2.18E-09,2.13E-06,7.40E-06
0.000306,0.000207,0.150279,9.45E-05,50,0.5,975,0.00024,0.8950777,0.000297906,3.51E-14,4.27E-06,1.04E-19,1.97E-09,1.98E-06,5.13E-06
0.000306,0.000207,0.150279,9.45E-05,50,0.5,1000,0.00024,0.8951949,0.000311052,9.28E-15,3.30E-06,-1.29E-18,1.83E-09,1.80E-06,3.12E-06
0.000306,0.000207,0.150279,9.45E-05,50,0.5,1025,0.00024,0.895308,0.000322191,1.14E-14,2.59E-06,1.35E-20,1.77E-09,1.61E-06,1.61E-06
0.000306,0.000207,0.150279,9.45E-05,50,0.5,1050,0.00024,0.8954186,0.000331617,4.18E-15,2.09E-06,-3.41E-20,1.81E-09,1.41E-06,6.71E-07
0.000306,0.000207,0.150279,9.45E-05,50,0.5,1075,0.00024,0.8955259,0.000339533,1.99E-15,1.76E-06,1.51E-19,1.99E-09,1.24E-06,2.22E-07
0.000306,0.000207,0.150279,9.45E-05,50,0.5,1100,0.00024,0.8956306,0.000346183,5.95E-16,1.61E-06,2.14E-19,2.37E-09,1.10E-06,6.53E-08
0.000306,0.000207,0.150279,9.45E-05,50,0.5,1125,0.00024,0.8957331,0.000351783,-3.33E-15,1.67E-06,1.43E-19,3.02E-09,9.85E-07,2.84E-08
0.000306,0.000207,0.150279,9.45E-05,50,0.5,1150,0.00024,0.8958342,0.000356543,2.46E-13,1.98E-06,6.99E-21,4.03E-09,8.97E-07,2.32E-08
0.000306,0.000207,0.150279,9.45E-05,50,0.5,1175,0.00024,0.8959338,0.000360661,1.80E-16,2.57E-06,3.75E-19,5.50E-09,8.24E-07,2.37E-08
0.000306,0.000207,0.150279,9.45E-05,50,0.5,1200,0.00024,0.8960329,0.000364321,8.97E-17,3.51E-06,-8.78E-19,7.56E-09,7.61E-07,2.53E-08
0.000306,0.000207,0.150279,9.45E-05,50,0.5,1225,0.00024,0.8961321,0.000367658,3.79E-17,4.91E-06,5.78E-20,1.04E-08,7.07E-07,2.76E-08
0.000306,0.000207,0.150279,9.45E-05,50,0.5,1250,0.00024,0.8962322,0.000370779,-5.63E-13,6.92E-06,1.72E-21,1.43E-08,6.59E-07,3.01E-08
0.000102,6.90E-05,0.150093,3.15E-05,50,1,550,0.00036,0.9,0.000199996,0.00036,6.90E-05,3.15E-05,0.000102,0,0
0.000102,6.90E-05,0.150093,3.15E-05,50,1,575,0.00036,0.9,0.000199995,0.000359999,6.90E-05,3.15E-05,0.000102,0,0
0.000102,6.90E-05,0.150093,3.15E-05,50,1,600,0.00036,0.9,0.000199992,0.000359997,6.90E-05,3.15E-05,0.000101999,0,0
0.000102,6.90E-05,0.150093,3.15E-05,50,1,625,0.00036,0.8999999,0.000199983,0.000359992,6.90E-05,3.15E-05,0.000101998,0,0
0.000102,6.90E-05,0.150093,3.15E-05,50,1,650,0.00036,0.8999998,0.000199959,0.000359977,6.90E-05,3.15E-05,0.000101994,1.76E-08,0
0.000102,6.90E-05,0.150093,3.15E-05,50,1,675,0.00036,0.8999995,0.000199888,0.000359931,6.90E-05,3.15E-05,0.000101983,4.30E-08,0
0.000102,6.90E-05,0.150093,3.15E-05,50,1,700,0.00036,0.8999983,0.000199582,0.000359726,6.90E-05,3.15E-05,0.00010193,1.45E-07,0
0.000102,6.90E-05,0.150093,3.15E-05,50,1,725,0.00036,0.8999594,0.000188724,0.000351642,6.89E-05,3.09E-05,9.98E-05,3.24E-06,3.77E-08
0.000102,6.90E-05,0.150093,3.15E-05,50,1,750,0.00036,0.8995013,0.000125221,0.000284021,7.04E-05,2.62E-05,8.18E-05,1.04E-05,1.81E-06
0.000102,6.90E-05,0.150093,3.15E-05,50,1,775,0.00036,0.8989099,6.74E-05,0.000205497,7.36E-05,2.02E-05,5.90E-05,8.26E-06,5.46E-06
0.000102,6.90E-05,0.150093,3.15E-05,50,1,800,0.00036,0.8982869,2.22E-05,0.000132776,7.62E-05,1.36E-05,3.54E-05,3.67E-06,9.69E-06
0.000102,6.90E-05,0.150093,3.15E-05,50,1,825,0.00036,0.8976785,6.33E-06,6.87E-05,7.60E-05,6.50E-06,1.33E-05,7.05E-07,8.98E-06
0.000102,6.90E-05,0.150093,3.15E-05,50,1,850,0.00036,0.8971101,7.59E-06,1.29E-05,6.32E-05,9.73E-07,1.68E-06,8.25E-07,6.03E-06
0.000102,6.90E-05,0.150093,3.15E-05,50,1,875,0.00036,0.8966285,1.50E-05,2.62E-10,1.34E-05,2.92E-11,3.66E-09,8.39E-07,5.64E-06
0.000102,6.90E-05,0.150093,3.15E-05,50,1,900,0.00036,0.8963864,2.31E-05,9.60E-13,4.99E-06,1.64E-14,1.50E-09,7.96E-07,5.68E-06
0.000102,6.90E-05,0.150093,3.15E-05,50,1,925,0.00036,0.8963166,3.57E-05,3.08E-13,2.79E-06,2.92E-16,9.89E-10,8.18E-07,5.41E-06
0.000102,6.90E-05,0.150093,3.15E-05,50,1,950,0.00036,0.8963401,5.43E-05,1.52E-13,1.86E-06,-8.91E-17,8.02E-10,8.96E-07,4.62E-06
0.000102,6.90E-05,0.150093,3.15E-05,50,1,975,0.00036,0.896411,7.84E-05,-6.62E-11,1.35E-06,5.32E-16,7.13E-10,9.85E-07,3.42E-06
0.000102,6.90E-05,0.150093,3.15E-05,50,1,1000,0.00036,0.8965051,0.000106566,1.52E-12,1.02E-06,2.31E-16,6.60E-10,1.04E-06,2.07E-06
0.000102,6.90E-05,0.150093,3.15E-05,50,1,1025,0.00036,0.8966094,0.000136742,-4.65E-14,8.03E-07,4.00E-20,6.33E-10,1.04E-06,9.59E-07
0.000102,6.90E-05,0.150093,3.15E-05,50,1,1050,0.00036,0.8967158,0.000167212,5.92E-14,6.55E-07,3.64E-20,6.52E-10,9.93E-07,3.15E-07
0.000102,6.90E-05,0.150093,3.15E-05,50,1,1075,0.00036,0.8968208,0.000196813,2.98E-14,5.71E-07,3.75E-21,7.60E-10,9.60E-07,7.69E-08
0.000102,6.90E-05,0.150093,3.15E-05,50,1,1100,0.00036,0.8969223,0.000224847,1.55E-14,5.77E-07,1.48E-23,9.97E-10,9.53E-07,2.79E-08
0.000102,6.90E-05,0.150093,3.15E-05,50,1,1125,0.00036,0.8970196,0.000250966,6.32E-15,7.07E-07,2.08E-22,1.39E-09,9.55E-07,2.44E-08
0.000102,6.90E-05,0.150093,3.15E-05,50,1,1150,0.00036,0.8971125,0.000275041,1.86E-15,9.86E-07,-2.27E-23,1.98E-09,9.52E-07,2.67E-08
0.000102,6.90E-05,0.150093,3.15E-05,50,1,1175,0.00036,0.897201,0.000297072,3.53E-16,1.44E-06,1.77E-21,2.82E-09,9.43E-07,2.99E-08
0.000102,6.90E-05,0.150093,3.15E-05,50,1,1200,0.00036,0.8972858,0.000317135,-6.79E-17,2.12E-06,8.02E-19,3.99E-09,9.28E-07,3.34E-08
0.000102,6.90E-05,0.150093,3.15E-05,50,1,1225,0.00036,0.8973675,0.000335355,3.32E-17,3.09E-06,1.22E-21,5.58E-09,9.07E-07,3.73E-08
0.000102,6.90E-05,0.150093,3.15E-05,50,1,1250,0.00036,0.8974468,0.000351894,4.89E-17,4.45E-06,2.45E-21,7.74E-09,8.82E-07,4.14E-08
0.000408,0.000276,0.150372,0.000126,50,2.5,550,0,0.8999998,0.000199889,0,0.000275985,0.000125988,0.000407929,1.07E-07,0
0.000408,0.000276,0.150372,0.000126,50,2.5,575,0,0.8999361,0.000163273,0,0.000273271,0.000117416,0.000372457,3.60E-05,0
0.000408,0.000276,0.150372,0.000126,50,2.5,600,0,0.8987654,8.92E-05,0,0.000270748,7.24E-05,0.000199366,0.000110531,0
0.000408,0.000276,0.150372,0.000126,50,2.5,625,0,0.8974722,8.27E-05,0,0.000257661,4.39E-05,0.000104946,0.000117252,0
0.000408,0.000276,0.150372,0.000126,50,2.5,650,0,0.8965566,8.82E-05,0,0.000239536,2.62E-05,5.43E-05,0.000111747,0
0.000408,0.000276,0.150372,0.000126,50,2.5,675,0,0.8959426,9.74E-05,0,0.000219274,1.52E-05,2.72E-05,0.000102568,0
0.000408,0.000276,0.150372,0.000126,50,2.5,700,0,0.8955411,0.000108069,0,0.00019881,8.49E-06,1.32E-05,9.19E-05,0
0.000408,0.000276,0.150372,0.000126,50,2.5,725,0,0.8952867,0.000119381,0,0.000179041,4.54E-06,6.13E-06,8.06E-05,1.09E-08
0.000408,0.000276,0.150372,0.000126,50,2.5,750,0,0.8951052,0.000130981,0,0.000159652,2.25E-06,2.63E-06,6.90E-05,1.73E-08
0.000408,0.000276,0.150372,0.000126,50,2.5,775,0,0.8950524,0.000142626,0,0.000138922,9.48E-07,9.43E-07,5.73E-05,2.66E-08
0.000408,0.000276,0.150372,0.000126,50,2.5,800,0,0.895002,0.000154022,0,0.000114073,2.85E-07,2.31E-07,4.59E-05,4.04E-08
0.000408,0.000276,0.150372,0.000126,50,2.5,825,0,0.8949593,0.000164698,0,8.35E-05,4.39E-08,3.00E-08,3.52E-05,6.05E-08
0.000408,0.000276,0.150372,0.000126,50,2.5,850,0,0.8949166,0.000174046,0,5.23E-05,2.55E-09,4.92E-09,2.58E-05,8.80E-08
0.000408,0.000276,0.150372,0.000126,50,2.5,875,0,0.8948878,0.000181698,0,2.89E-05,5.44E-11,2.63E-09,1.82E-05,1.18E-07
0.000408,0.000276,0.150372,0.000126,50,2.5,900,0,0.8948906,0.000187633,0,1.50E-05,5.84E-13,1.56E-09,1.22E-05,1.38E-07
0.000408,0.000276,0.150372,0.000126,50,2.5,925,0,0.8949274,0.000191969,0,7.45E-06,2.58E-15,9.00E-10,7.86E-06,1.35E-07
0.000408,0.000276,0.150372,0.000126,50,2.5,950,0,0.8949894,0.000194882,0,3.58E-06,7.13E-18,5.17E-10,4.97E-06,1.07E-07
0.000408,0.000276,0.150372,0.000126,50,2.5,975,0,0.895068,0.000196666,0,1.65E-06,-1.50E-19,3.14E-10,3.25E-06,6.85E-08
0.000408,0.000276,0.150372,0.000126,50,2.5,1000,0,0.8951561,0.000197694,0,7.27E-07,-3.87E-21,2.24E-10,2.31E-06,3.98E-08
0.000408,0.000276,0.150372,0.000126,50,2.5,1025,0,0.8952495,0.0001983,0,3.22E-07,8.38E-21,2.13E-10,1.83E-06,2.80E-08
0.000408,0.000276,0.150372,0.000126,50,2.5,1050,0,0.8953448,0.000198729,0,1.86E-07,-2.97E-20,2.68E-10,1.58E-06,2.67E-08
0.000408,0.000276,0.150372,0.000126,50,2.5,1075,0,0.8954405,0.000199115,0,1.91E-07,6.80E-24,3.84E-10,1.41E-06,2.92E-08
0.000408,0.000276,0.150372,0.000126,50,2.5,1100,0,0.8955355,0.000199521,0,2.72E-07,-2.68E-24,5.67E-10,1.29E-06,3.30E-08
0.000408,0.000276,0.150372,0.000126,50,2.5,1125,0,0.8956291,0.000199975,0,4.16E-07,-1.93E-22,8.33E-10,1.18E-06,3.75E-08
0.000408,0.000276,0.150372,0.000126,50,2.5,1150,0,0.8957212,0.000200493,0,6.32E-07,8.87E-26,1.21E-09,1.08E-06,4.25E-08
0.000408,0.000276,0.150372,0.000126,50,2.5,1175,0,0.8958116,0.000201093,0,9.47E-07,1.21E-21,1.73E-09,9.98E-07,4.79E-08
0.000408,0.000276,0.150372,0.000126,50,2.5,1200,0,0.8959006,0.000201796,0,1.40E-06,-1.53E-25,2.45E-09,9.23E-07,5.37E-08
0.000408,0.000276,0.150372,0.000126,50,2.5,1225,0,0.8959882,0.000202634,0,2.04E-06,8.16E-27,3.43E-09,8.57E-07,6.01E-08
0.000408,0.000276,0.150372,0.000126,50,2.5,1250,0,0.8960748,0.000203653,0,2.94E-06,6.28E-27,4.75E-09,7.99E-07,6.69E-08
0,0,0.15,0,50,5,550,0.00012,0.8999999,0.000199916,0.00012,0,0,0,8.35E-08,0
0,0,0.15,0,50,5,575,0.00012,0.8999999,0.00019992,0.000119999,0,0,0,7.96E-08,0
0,0,0.15,0,50,5,600,0.00012,0.8999999,0.000199921,0.000119998,0,0,0,7.75E-08,0
0,0,0.15,0,50,5,625,0.00012,0.8999999,0.000199917,0.000119996,0,0,0,7.84E-08,0
0,0,0.15,0,50,5,650,0.00012,0.8999999,0.000199905,0.00011999,0,0,0,8.46E-08,0
0,0,0.15,0,50,5,675,0.00012,0.8999998,0.000199875,0.000119975,0,0,0,1.00E-07,0
0,0,0.15,0,50,5,700,0.00012,0.8999996,0.000199809,0.000119942,0,0,0,1.34E-07,0
0,0,0.15,0,50,5,725,0.00012,0.8999992,0.00019967,0.000119869,0,0,0,2.01E-07,0
0,0,0.15,0,50,5,750,0.00012,0.8999984,0.000199384,0.000119707,0,0,0,3.30E-07,0
0,0,0.15,0,50,5,775,0.00012,0.8999966,0.000198783,0.000119342,0,0,0,5.82E-07,0
0,0,0.15,0,50,5,800,0.00012,0.8999926,0.000197451,0.000118468,0,0,0,1.10E-06,0
0,0,0.15,0,50,5,825,0.00012,0.8999824,0.000194028,0.000115998,0,0,0,2.31E-06,1.26E-08
0,0,0.15,0,50,5,850,0.00012,0.8999438,0.000180669,0.000104613,2.65E-08,0,0,6.32E-06,1.28E-07
0,0,0.15,0,50,5,875,0.00012,0.8996261,0.000122878,2.14E-05,2.30E-07,0,0,1.28E-05,2.25E-06
0,0,0.15,0,50,5,900,0.00012,0.8992806,0.000119398,7.82E-07,2.62E-07,0,6.58E-10,8.50E-06,1.58E-06
0,0,0.15,0,50,5,925,0.00012,0.8991857,0.000125628,1.42E-08,2.12E-07,0,3.82E-11,4.90E-06,6.90E-07
0,0,0.15,0,50,5,950,0.00012,0.8991626,0.000130321,2.61E-10,1.69E-07,0,1.42E-11,3.06E-06,2.15E-07
0,0,0.15,0,50,5,975,0.00012,0.8991637,0.00013411,-1.29E-12,1.33E-07,0,1.55E-11,2.28E-06,5.47E-08
0,0,0.15,0,50,5,1000,0.00012,0.8991756,0.000137932,3.58E-12,1.02E-07,0,2.05E-11,1.97E-06,2.85E-08
0,0,0.15,0,50,5,1025,0.00012,0.8991932,0.000142408,5.09E-13,8.27E-08,0,2.95E-11,1.80E-06,3.01E-08
0,0,0.15,0,50,5,1050,0.00012,0.8992145,0.000147873,1.32E-14,8.46E-08,0,4.39E-11,1.68E-06,3.45E-08
0,0,0.15,0,50,5,1075,0.00012,0.8992385,0.000154474,3.04E-15,1.13E-07,0,6.59E-11,1.59E-06,3.97E-08
0,0,0.15,0,50,5,1100,0.00012,0.8992644,0.000162237,2.82E-15,1.70E-07,0,9.83E-11,1.52E-06,4.54E-08
0,0,0.15,0,50,5,1125,0.00012,0.8992917,0.000171064,5.43E-19,2.61E-07,0,1.45E-10,1.46E-06,5.18E-08
0,0,0.15,0,50,5,1150,0.00012,0.899309,0.000180746,3.51E-16,3.99E-07,0,2.11E-10,1.42E-06,5.88E-08
0,0,0.15,0,50,5,1175,0.00012,0.8993485,0.000191002,3.56E-18,6.00E-07,0,3.04E-10,1.37E-06,6.64E-08
0,0,0.15,0,50,5,1200,0.00012,0.899377,0.000201524,4.30E-18,8.90E-07,0,4.31E-10,1.34E-06,7.47E-08
0,0,0.15,0,50,5,1225,0.00012,0.8994053,0.000212035,6.68E-18,1.30E-06,0,6.05E-10,1.30E-06,8.37E-08
0,0,0.15,0,50,5,1250,0.00012,0.899433,0.000222332,1.02E-17,1.88E-06,0,8.40E-10,1.26E-06,9.34E-08
0.000102,6.90E-05,0.150093,3.15E-05,75,0.5,550,0.00012,0.6,0.000199999,0.00012,6.90E-05,3.15E-05,0.000102,0,0
0.000102,6.90E-05,0.150093,3.15E-05,75,0.5,575,0.00012,0.6,0.000199999,0.00012,6.90E-05,3.15E-05,0.000102,0,0
0.000102,6.90E-05,0.150093,3.15E-05,75,0.5,600,0.00012,0.6,0.000199995,0.000119998,6.90E-05,3.15E-05,0.000101999,0,0
0.000102,6.90E-05,0.150093,3.15E-05,75,0.5,625,0.00012,0.5999999,0.000199948,0.000119972,6.90E-05,3.15E-05,0.000101981,2.40E-08,0
0.000102,6.90E-05,0.150093,3.15E-05,75,0.5,650,0.00012,0.5999532,0.000183747,0.000109155,6.88E-05,2.95E-05,9.47E-05,5.70E-06,9.70E-08
0.000102,6.90E-05,0.150093,3.15E-05,75,0.5,675,0.00012,0.599799,0.000164567,9.21E-05,6.99E-05,2.62E-05,8.24E-05,9.28E-06,4.96E-07
0.000102,6.90E-05,0.150093,3.15E-05,75,0.5,700,0.00012,0.5995684,0.000139095,6.46E-05,7.22E-05,2.03E-05,6.11E-05,1.03E-05,1.46E-06
0.000102,6.90E-05,0.150093,3.15E-05,75,0.5,725,0.00012,0.5992297,0.000108134,2.62E-05,7.31E-05,1.04E-05,2.82E-05,8.60E-06,3.10E-06
0.000102,6.90E-05,0.150093,3.15E-05,75,0.5,750,0.00012,0.5989352,9.76E-05,5.41E-06,6.52E-05,3.08E-06,7.05E-06,5.81E-06,4.09E-06
0.000102,6.90E-05,0.150093,3.15E-05,75,0.5,775,0.00012,0.5987733,0.000104399,9.80E-07,5.41E-05,7.53E-07,1.48E-06,3.74E-06,4.50E-06
0.000102,6.90E-05,0.150093,3.15E-05,75,0.5,800,0.00012,0.5987072,0.000116009,1.81E-07,4.45E-05,1.65E-07,2.93E-07,2.67E-06,4.89E-06
0.000102,6.90E-05,0.150093,3.15E-05,75,0.5,825,0.00012,0.5986854,0.000129397,3.12E-08,3.67E-05,3.05E-08,5.31E-08,2.24E-06,5.31E-06
0.000102,6.90E-05,0.150093,3.15E-05,75,0.5,850,0.00012,0.5986874,0.000143541,4.93E-09,3.05E-05,4.69E-09,1.06E-08,2.05E-06,5.66E-06
0.000102,6.90E-05,0.150093,3.15E-05,75,0.5,875,0.00012,0.5987043,0.00015762,6.27E-10,2.55E-05,5.54E-10,3.90E-09,1.93E-06,5.85E-06
0.000102,6.90E-05,0.150093,3.15E-05,75,0.5,900,0.00012,0.5987287,0.000171002,6.15E-11,2.14E-05,5.64E-11,2.94E-09,1.83E-06,5.79E-06
0.000102,6.90E-05,0.150093,3.15E-05,75,0.5,925,0.00012,0.5987549,0.000183343,7.36E-12,1.80E-05,3.57E-12,2.65E-09,1.74E-06,5.44E-06
0.000102,6.90E-05,0.150093,3.15E-05,75,0.5,950,0.00012,0.5987813,0.000194521,-1.06E-12,1.52E-05,-2.28E-13,2.46E-09,1.65E-06,4.82E-06
0.000102,6.90E-05,0.150093,3.15E-05,75,0.5,975,0.00012,0.598809,0.000204556,4.78E-14,1.28E-05,4.16E-15,2.31E-09,1.56E-06,3.97E-06
0.000102,6.90E-05,0.150093,3.15E-05,75,0.5,1000,0.00012,0.5988358,0.000213531,1.04E-13,1.08E-05,3.90E-16,2.20E-09,1.45E-06,2.99E-06
0.000102,6.90E-05,0.150093,3.15E-05,75,0.5,1025,0.00012,0.5988625,0.000221577,1.78E-14,9.16E-06,3.90E-19,2.13E-09,1.34E-06,2.02E-06
0.000102,6.90E-05,0.150093,3.15E-05,75,0.5,1050,0.00012,0.598889,0.000228781,1.12E-14,7.88E-06,-3.36E-18,2.12E-09,1.22E-06,1.18E-06
0.000102,6.90E-05,0.150093,3.15E-05,75,0.5,1075,0.00012,0.598916,0.000235243,2.83E-15,6.91E-06,-2.38E-20,2.17E-09,1.10E-06,5.86E-07
0.000102,6.90E-05,0.150093,3.15E-05,75,0.5,1100,0.00012,0.598943,0.000241054,2.48E-15,6.23E-06,3.90E-21,2.31E-09,9.84E-07,2.48E-07
0.000102,6.90E-05,0.150093,3.15E-05,75,0.5,1125,0.00012,0.5989704,0.000246296,1.05E-15,5.85E-06,-2.36E-19,2.58E-09,8.77E-07,1.01E-07
0.000102,6.90E-05,0.150093,3.15E-05,75,0.5,1150,0.00012,0.5989986,0.000251059,4.41E-16,5.80E-06,-2.17E-19,3.01E-09,7.85E-07,5.36E-08
0.000102,6.90E-05,0.150093,3.15E-05,75,0.5,1175,0.00012,0.5990274,0.000255424,8.74E-17,6.13E-06,-9.13E-23,3.65E-09,7.08E-07,4.19E-08
0.000102,6.90E-05,0.150093,3.15E-05,75,0.5,1200,0.00012,0.5990573,0.000259462,2.78E-17,6.92E-06,-1.55E-20,4.56E-09,6.43E-07,3.92E-08
0.000102,6.90E-05,0.150093,3.15E-05,75,0.5,1225,0.00012,0.5990885,0.000263241,2.23E-17,8.27E-06,2.15E-19,5.80E-09,5.89E-07,3.90E-08
0.000102,6.90E-05,0.150093,3.15E-05,75,0.5,1250,0.00012,0.5991213,0.000266807,1.58E-14,1.03E-05,-6.21E-19,7.47E-09,5.42E-07,3.99E-08
0.000306,0.000207,0.150279,9.45E-05,75,1,550,0,0.6,0.000199978,0,0.000206997,9.45E-05,0.000305984,2.05E-08,0
0.000306,0.000207,0.150279,9.45E-05,75,1,575,0,0.5999601,0.000172725,0,0.000205151,8.60E-05,0.000271755,2.61E-05,0
0.000306,0.000207,0.150279,9.45E-05,75,1,600,0,0.5994227,0.000150115,0,0.000204747,5.71E-05,0.000161324,4.94E-05,0
0.000306,0.000207,0.150279,9.45E-05,75,1,625,0,0.5988405,0.000151973,0,0.000197544,3.56E-05,8.89E-05,4.78E-05,0
0.000306,0.000207,0.150279,9.45E-05,75,1,650,0,0.5983566,0.000157438,0,0.000184163,2.03E-05,4.40E-05,4.24E-05,0
0.000306,0.000207,0.150279,9.45E-05,75,1,675,0,0.5980249,0.000163643,0,0.000168127,1.09E-05,2.07E-05,3.62E-05,0
0.000306,0.000207,0.150279,9.45E-05,75,1,700,0,0.5978127,0.000169913,0,0.000151871,5.61E-06,9.37E-06,3.00E-05,0
0.000306,0.000207,0.150279,9.45E-05,75,1,725,0,0.5976815,0.00017598,0,0.000136095,2.68E-06,3.98E-06,2.39E-05,1.58E-08
0.000306,0.000207,0.150279,9.45E-05,75,1,750,0,0.5976021,0.000181573,0,0.000120106,1.11E-06,1.48E-06,1.83E-05,2.55E-08
0.000306,0.000207,0.150279,9.45E-05,75,1,775,0,0.5975554,0.000186308,0,0.00010222,3.49E-07,4.14E-07,1.36E-05,4.01E-08
0.000306,0.000207,0.150279,9.45E-05,75,1,800,0,0.5975277,0.000189764,0,8.14E-05,6.65E-08,7.27E-08,1.01E-05,6.24E-08
0.000306,0.000207,0.150279,9.45E-05,75,1,825,0,0.5975072,0.000191951,0,6.03E-05,6.79E-09,1.09E-08,7.89E-06,9.31E-08
0.000306,0.000207,0.150279,9.45E-05,75,1,850,0,0.5974976,0.000193385,0,4.33E-05,4.11E-10,4.48E-09,6.46E-06,1.29E-07
0.000306,0.000207,0.150279,9.45E-05,75,1,875,0,0.5975022,0.000194451,0,3.09E-05,1.62E-11,3.32E-09,5.41E-06,1.66E-07
0.000306,0.000207,0.150279,9.45E-05,75,1,900,0,0.5975195,0.000195316,0,2.23E-05,4.49E-13,2.62E-09,4.58E-06,2.00E-07
0.000306,0.000207,0.150279,9.45E-05,75,1,925,0,0.5975451,0.000196066,0,1.62E-05,8.15E-15,2.09E-09,3.89E-06,2.24E-07
0.000306,0.000207,0.150279,9.45E-05,75,1,950,0,0.597577,0.000196758,0,1.17E-05,8.26E-17,1.68E-09,3.27E-06,2.33E-07
0.000306,0.000207,0.150279,9.45E-05,75,1,975,0,0.597614,0.00019742,0,8.49E-06,4.68E-19,1.38E-09,2.72E-06,2.21E-07
0.000306,0.000207,0.150279,9.45E-05,75,1,1000,0,0.5976537,0.000198057,0,6.08E-06,-1.53E-20,1.16E-09,2.21E-06,1.88E-07
0.000306,0.000207,0.150279,9.45E-05,75,1,1025,0,0.5976956,0.000198661,0,4.31E-06,1.33E-13,1.02E-09,1.78E-06,1.41E-07
0.000306,0.000207,0.150279,9.45E-05,75,1,1050,0,0.5977388,0.000199223,0,3.06E-06,3.84E-20,9.48E-10,1.43E-06,9.33E-08
0.000306,0.000207,0.150279,9.45E-05,75,1,1075,0,0.5977833,0.000199744,0,2.21E-06,2.97E-21,9.58E-10,1.17E-06,5.80E-08
0.000306,0.000207,0.150279,9.45E-05,75,1,1100,0,0.5978283,0.000200238,0,1.71E-06,-1.24E-20,1.06E-09,9.74E-07,3.93E-08
0.000306,0.000207,0.150279,9.45E-05,75,1,1125,0,0.5978738,0.000200726,0,1.50E-06,-8.85E-21,1.28E-09,8.37E-07,3.25E-08
0.000306,0.000207,0.150279,9.45E-05,75,1,1150,0,0.5979197,0.000201229,0,1.55E-06,1.47E-20,1.65E-09,7.39E-07,3.14E-08
0.000306,0.000207,0.150279,9.45E-05,75,1,1175,0,0.597966,0.000201761,0,1.85E-06,1.13E-19,2.20E-09,6.64E-07,3.27E-08
0.000306,0.000207,0.150279,9.45E-05,75,1,1200,0,0.5980126,0.000202338,0,2.44E-06,1.01E-19,3.00E-09,6.05E-07,3.53E-08
0.000306,0.000207,0.150279,9.45E-05,75,1,1225,0,0.5980598,0.000202973,0,3.37E-06,1.72E-20,4.11E-09,5.56E-07,3.85E-08
0.000306,0.000207,0.150279,9.45E-05,75,1,1250,0,0.5981077,0.000203686,0,4.72E-06,9.92E-23,5.63E-09,5.15E-07,4.23E-08
0,0,0.15,0,75,2.5,550,0.00036,0.6,0.000199986,0.00036,0,0,0,1.41E-08,0
0,0,0.15,0,75,2.5,575,0.00036,0.6,0.000199986,0.000359999,0,0,0,1.37E-08,0
0,0,0.15,0,75,2.5,600,0.00036,0.6,0.000199984,0.000359998,0,0,0,1.40E-08,0
0,0,0.15,0,75,2.5,625,0.00036,0.6,0.00019998,0.000359995,0,0,0,1.55E-08,0
0,0,0.15,0,75,2.5,650,0.00036,0.5999999,0.000199969,0.000359989,0,0,0,1.95E-08,0
0,0,0.15,0,75,2.5,675,0.00036,0.5999999,0.000199944,0.000359973,0,0,0,2.87E-08,0
0,0,0.15,0,75,2.5,700,0.00036,0.5999998,0.00019989,0.000359938,0,0,0,4.82E-08,0
0,0,0.15,0,75,2.5,725,0.00036,0.5999995,0.000199772,0.00035986,0,0,0,8.92E-08,0
0,0,0.15,0,75,2.5,750,0.00036,0.5999989,0.000199512,0.000359682,0,0,0,1.76E-07,0
0,0,0.15,0,75,2.5,775,0.00036,0.5999975,0.00019891,0.000359255,0,0,0,3.69E-07,0
0,0,0.15,0,75,2.5,800,0.00036,0.599994,0.000197298,0.000358061,0,0,0,8.60E-07,0
0,0,0.15,0,75,2.5,825,0.00036,0.59998,0.000190527,0.000352649,1.43E-08,0,0,2.76E-06,2.73E-08
0,0,0.15,0,75,2.5,850,0.00036,0.5997541,0.000103187,0.000238747,3.21E-07,0,7.42E-08,1.12E-05,3.50E-06
0,0,0.15,0,75,2.5,875,0.00036,0.5991938,3.19E-05,7.84E-05,9.66E-07,0,1.83E-07,5.47E-06,1.00E-05
0,0,0.15,0,75,2.5,900,0.00036,0.5988134,2.16E-05,1.24E-05,1.39E-06,0,8.60E-08,3.61E-06,9.33E-06
0,0,0.15,0,75,2.5,925,0.00036,0.5985957,2.70E-05,3.30E-07,1.17E-06,0,3.55E-09,2.34E-06,6.52E-06
0,0,0.15,0,75,2.5,950,0.00036,0.5984919,3.49E-05,1.53E-09,7.42E-07,0,2.38E-10,1.29E-06,3.88E-06
0,0,0.15,0,75,2.5,975,0.00036,0.5984512,4.35E-05,-5.68E-12,4.91E-07,0,2.04E-10,9.91E-07,1.89E-06
0,0,0.15,0,75,2.5,1000,0.00036,0.5984463,5.41E-05,-4.88E-13,3.61E-07,0,1.93E-10,8.52E-07,7.11E-07
0,0,0.15,0,75,2.5,1025,0.00036,0.5984629,6.73E-05,-1.71E-12,2.87E-07,0,1.96E-10,7.52E-07,1.99E-07
0,0,0.15,0,75,2.5,1050,0.00036,0.5984931,8.34E-05,9.95E-13,2.44E-07,0,2.31E-10,7.23E-07,5.36E-08
0,0,0.15,0,75,2.5,1075,0.00036,0.5985322,0.000102524,-4.93E-17,2.37E-07,0,3.10E-10,7.60E-07,3.16E-08
0,0,0.15,0,75,2.5,1100,0.00036,0.598577,0.000124504,9.97E-15,2.83E-07,0,4.41E-10,8.24E-07,3.29E-08
0,0,0.15,0,75,2.5,1125,0.00036,0.5986252,0.000148924,-1.77E-15,3.96E-07,0,6.40E-10,8.94E-07,3.69E-08
0,0,0.15,0,75,2.5,1150,0.00036,0.5986752,0.000175081,7.44E-18,5.87E-07,0,9.27E-10,9.62E-07,4.17E-08
0,0,0.15,0,75,2.5,1175,0.00036,0.5987256,0.000202124,1.22E-17,8.78E-07,0,1.33E-09,1.02E-06,4.70E-08
0,0,0.15,0,75,2.5,1200,0.00036,0.5987753,0.000229198,1.97E-17,1.30E-06,0,1.88E-09,1.07E-06,5.29E-08
0,0,0.15,0,75,2.5,1225,0.00036,0.5988236,0.000255574,2.84E-17,1.90E-06,0,2.64E-09,1.10E-06,5.92E-08
0,0,0.15,0,75,2.5,1250,0.00036,0.5988703,0.000280709,4.28E-17,2.74E-06,0,3.66E-09,1.12E-06,6.60E-08
0.000408,0.000276,0.150372,0.000126,75,5,550,0.00024,0.5999999,0.000199938,0.000239998,0.000275999,0.000126,0.000407998,5.96E-08,0
0.000408,0.000276,0.150372,0.000126,75,5,575,0.00024,0.5999999,0.00019993,0.000239994,0.000275998,0.000125999,0.000407993,6.42E-08,0
0.000408,0.000276,0.150372,0.000126,75,5,600,0.00024,0.5999998,0.000199901,0.000239984,0.000275994,0.000125996,0.000407979,8.24E-08,0
0.000408,0.000276,0.150372,0.000126,75,5,625,0.00024,0.5999996,0.000199818,0.000239957,0.000275986,0.000125989,0.00040794,1.37E-07,0
0.000408,0.000276,0.150372,0.000126,75,5,650,0.00024,0.5999989,0.000199569,0.000239873,0.000275963,0.000125964,0.00040782,3.02E-07,0
0.000408,0.000276,0.150372,0.000126,75,5,675,0.00024,0.5999963,0.000198647,0.000239553,0.00027589,0.000125862,0.000407358,9.08E-07,0
0.000408,0.000276,0.150372,0.000126,75,5,700,0.00024,0.5999714,0.000186106,0.000234613,0.000275101,0.000124154,0.000400197,9.01E-06,6.28E-08
0.000408,0.000276,0.150372,0.000126,75,5,725,0.00024,0.5971788,7.04E-05,3.34E-06,0.000203795,8.44E-06,1.28E-05,8.57E-05,2.39E-05
0.000408,0.000276,0.150372,0.000126,75,5,750,0.00024,0.5964608,6.79E-05,1.22E-06,0.000177706,4.02E-06,5.07E-06,8.34E-05,2.32E-05
0.000408,0.000276,0.150372,0.000126,75,5,775,0.00024,0.5961836,6.90E-05,5.77E-07,0.000160365,2.15E-06,2.37E-06,7.64E-05,2.21E-05
0.000408,0.000276,0.150372,0.000126,75,5,800,0.00024,0.5960224,7.16E-05,2.33E-07,0.000141259,9.91E-07,9.37E-07,6.73E-05,2.05E-05
0.000408,0.000276,0.150372,0.000126,75,5,825,0.00024,0.5959075,7.55E-05,5.79E-08,0.000115723,3.06E-07,2.34E-07,5.67E-05,1.82E-05
0.000408,0.000276,0.150372,0.000126,75,5,850,0.00024,0.5958084,8.11E-05,4.86E-09,8.11E-05,3.95E-08,2.59E-08,4.46E-05,1.51E-05
0.000408,0.000276,0.150372,0.000126,75,5,875,0.00024,0.5957148,8.92E-05,6.12E-11,4.37E-05,1.08E-09,4.64E-09,3.12E-05,1.13E-05
0.000408,0.000276,0.150372,0.000126,75,5,900,0.00024,0.5956393,9.93E-05,6.04E-13,1.71E-05,3.83E-12,2.08E-09,1.83E-05,7.19E-06
0.000408,0.000276,0.150372,0.000126,75,5,925,0.00024,0.5956063,0.000108972,5.66E-13,5.36E-06,-3.36E-16,8.20E-10,9.36E-06,3.64E-06
0.000408,0.000276,0.150372,0.000126,75,5,950,0.00024,0.5956223,0.000118765,5.83E-13,1.64E-06,1.21E-19,3.52E-10,4.93E-06,1.35E-06
0.000408,0.000276,0.150372,0.000126,75,5,975,0.00024,0.5956767,0.000130793,5.37E-13,5.57E-07,1.50E-19,2.02E-10,3.01E-06,3.46E-07
0.000408,0.000276,0.150372,0.000126,75,5,1000,0.00024,0.5957554,0.000146062,4.39E-13,2.08E-07,-3.31E-20,1.67E-10,2.24E-06,7.39E-08
0.000408,0.000276,0.150372,0.000126,75,5,1025,0.00024,0.5958483,0.000164603,3.10E-13,9.96E-08,-7.70E-21,2.00E-10,2.04E-06,3.61E-08
0.000408,0.000276,0.150372,0.000126,75,5,1050,0.00024,0.5959485,0.000185997,1.81E-13,9.00E-08,2.82E-22,2.87E-10,2.04E-06,3.69E-08
0.000408,0.000276,0.150372,0.000126,75,5,1075,0.00024,0.5960515,0.000209272,8.21E-14,1.28E-07,2.41E-21,4.29E-10,2.07E-06,4.16E-08
0.000408,0.000276,0.150372,0.000126,75,5,1100,0.00024,0.5961542,0.000233015,2.63E-14,1.98E-07,1.70E-23,6.39E-10,2.10E-06,4.73E-08
0.000408,0.000276,0.150372,0.000126,75,5,1125,0.00024,0.5962539,0.000255792,5.19E-15,3.04E-07,1.45E-24,9.38E-10,2.11E-06,5.38E-08
0.000408,0.000276,0.150372,0.000126,75,5,1150,0.00024,0.5963495,0.000276594,1.10E-15,4.61E-07,1.76E-24,1.36E-09,2.09E-06,6.09E-08
0.000408,0.000276,0.150372,0.000126,75,5,1175,0.00024,0.5964403,0.00029499,1.68E-16,6.91E-07,1.78E-25,1.95E-09,2.05E-06,6.87E-08
0.000408,0.000276,0.150372,0.000126,75,5,1200,0.00024,0.5965266,0.000310988,6.90E-17,1.02E-06,2.09E-26,2.76E-09,2.00E-06,7.72E-08
0.000408,0.000276,0.150372,0.000126,75,5,1225,0.00024,0.5966087,0.000324818,8.83E-17,1.49E-06,9.94E-28,3.85E-09,1.93E-06,8.64E-08
0.000408,0.000276,0.150372,0.000126,75,5,1250,0.00024,0.5966873,0.000336833,1.34E-16,2.14E-06,-7.53E-29,5.33E-09,1.86E-06,9.63E-08
0,0,0.15,0,100,0.5,550,0,0.45,0.0002,0,0,0,0,0,0
0,0,0.15,0,100,0.5,575,0,0.45,0.0002,0,0,0,0,0,0
0,0,0.15,0,100,0.5,600,0,0.45,0.000199999,0,0,0,0,0,0
0,0,0.15,0,100,0.5,625,0,0.45,0.000199999,0,0,0,0,0,0
0,0,0.15,0,100,0.5,650,0,0.45,0.000199999,0,0,0,0,0,0
0,0,0.15,0,100,0.5,675,0,0.45,0.000199998,0,0,0,0,0,0
0,0,0.15,0,100,0.5,700,0,0.45,0.000199997,0,0,0,0,0,0
0,0,0.15,0,100,0.5,725,0,0.45,0.000199995,0,0,0,0,0,0
0,0,0.15,0,100,0.5,750,0,0.45,0.000199991,0,0,0,0,0,0
0,0,0.15,0,100,0.5,775,0,0.45,0.000199986,0,0,0,0,1.43E-08,0
0,0,0.15,0,100,0.5,800,0,0.45,0.000199977,0,0,0,0,2.31E-08,0
0,0,0.15,0,100,0.5,825,0,0.45,0.000199964,0,0,0,0,3.65E-08,0
0,0,0.15,0,100,0.5,850,0,0.45,0.000199944,0,0,0,0,5.65E-08,0
0,0,0.15,0,100,0.5,875,0,0.45,0.000199915,0,0,0,0,8.55E-08,0
0,0,0.15,0,100,0.5,900,0,0.45,0.000199873,0,0,0,0,1.27E-07,0
0,0,0.15,0,100,0.5,925,0,0.45,0.000199818,0,0,0,0,1.82E-07,0
0,0,0.15,0,100,0.5,950,0,0.45,0.000199746,0,0,0,0,2.54E-07,0
0,0,0.15,0,100,0.5,975,0,0.45,0.000199658,0,0,0,0,3.42E-07,0
0,0,0.15,0,100,0.5,1000,0,0.45,0.000199562,0,0,0,0,4.38E-07,0
0,0,0.15,0,100,0.5,1025,0,0.45,0.000199474,0,0,0,0,5.26E-07,0
0,0,0.15,0,100,0.5,1050,0,0.45,0.000199414,0,0,0,0,5.86E-07,0
0,0,0.15,0,100,0.5,1075,0,0.4500001,0.000199398,0,0,0,0,6.02E-07,0
0,0,0.15,0,100,0.5,1100,0,0.4500002,0.000199421,0,0,0,0,5.79E-07,1.05E-08
0,0,0.15,0,100,0.5,1125,0,0.4500004,0.000199462,0,0,0,0,5.39E-07,1.38E-08
0,0,0.15,0,100,0.5,1150,0,0.4500006,0.000199507,0,1.56E-08,0,0,4.95E-07,1.69E-08
0,0,0.15,0,100,0.5,1175,0,0.450001,0.000199551,0,3.08E-08,0,0,4.55E-07,1.98E-08
0,0,0.15,0,100,0.5,1200,0,0.4500014,0.000199592,0,5.95E-08,0,0,4.19E-07,2.24E-08
0,0,0.15,0,100,0.5,1225,0,0.450002,0.000199635,0,1.12E-07,0,0,3.87E-07,2.50E-08
0,0,0.15,0,100,0.5,1250,0,0.4500028,0.000199682,0,2.05E-07,0,0,3.58E-07,2.77E-08
0.000408,0.000276,0.150372,0.000126,100,1,550,0.00012,0.45,0.000199995,0.000119999,0.000276,0.000126,0.000407998,0,0
0.000408,0.000276,0.150372,0.000126,100,1,575,0.00012,0.45,0.000199974,0.000119994,0.000275997,0.000125998,0.000407985,1.94E-08,0
0.000408,0.000276,0.150372,0.000126,100,1,600,0.00012,0.4499755,0.00017895,0.000112883,0.000274272,0.00012162,0.000390419,1.43E-05,1.41E-07
0.000408,0.000276,0.150372,0.000126,100,1,625,0.00012,0.4496521,0.00014215,8.35E-05,0.000276935,0.000101674,0.000312056,3.17E-05,2.02E-06
0.000408,0.000276,0.150372,0.000126,100,1,650,0.00012,0.4491615,0.000121137,5.08E-05,0.000280396,7.42E-05,0.000211368,3.23E-05,4.94E-06
0.000408,0.000276,0.150372,0.000126,100,1,675,0.00012,0.4485689,0.000103147,2.22E-05,0.000273935,4.26E-05,0.000107169,2.96E-05,7.82E-06
0.000408,0.000276,0.150372,0.000126,100,1,700,0.00012,0.4479719,9.36E-05,6.39E-06,0.000246692,1.76E-05,3.70E-05,2.53E-05,9.24E-06
0.000408,0.000276,0.150372,0.000126,100,1,725,0.00012,0.4475481,9.50E-05,1.45E-06,0.000206896,5.69E-06,9.89E-06,1.99E-05,9.10E-06
0.000408,0.000276,0.150372,0.000126,100,1,750,0.00012,0.447292,0.000103897,2.63E-07,0.000165033,1.42E-06,2.04E-06,1.44E-05,8.48E-06
0.000408,0.000276,0.150372,0.000126,100,1,775,0.00012,0.4471505,0.00011689,2.78E-08,0.000121932,2.10E-07,2.56E-07,1.02E-05,7.96E-06
0.000408,0.000276,0.150372,0.000126,100,1,800,0.00012,0.4470701,0.000132379,1.46E-09,8.28E-05,1.58E-08,2.61E-08,7.93E-06,7.68E-06
0.000408,0.000276,0.150372,0.000126,100,1,825,0.00012,0.4470365,0.000150504,5.91E-11,5.56E-05,8.44E-10,9.58E-09,6.76E-06,7.62E-06
0.000408,0.000276,0.150372,0.000126,100,1,850,0.00012,0.4470425,0.000170617,2.77E-12,3.87E-05,3.99E-11,6.90E-09,6.00E-06,7.60E-06
0.000408,0.000276,0.150372,0.000126,100,1,875,0.00012,0.4470744,0.000190851,4.15E-13,2.78E-05,1.65E-12,5.41E-09,5.43E-06,7.41E-06
0.000408,0.000276,0.150372,0.000126,100,1,900,0.00012,0.4471187,0.000209379,2.57E-13,2.04E-05,5.33E-14,4.33E-09,4.93E-06,6.85E-06
0.000408,0.000276,0.150372,0.000126,100,1,925,0.00012,0.4471692,0.000225324,2.05E-13,1.51E-05,1.20E-15,3.52E-09,4.44E-06,5.91E-06
0.000408,0.000276,0.150372,0.000126,100,1,950,0.00012,0.4472233,0.000238636,1.61E-13,1.12E-05,1.49E-17,2.90E-09,3.94E-06,4.70E-06
0.000408,0.000276,0.150372,0.000126,100,1,975,0.00012,0.4472779,0.000249634,1.20E-13,8.23E-06,4.37E-20,2.42E-09,3.43E-06,3.39E-06
0.000408,0.000276,0.150372,0.000126,100,1,1000,0.00012,0.4473326,0.000258708,8.24E-14,5.99E-06,1.43E-19,2.08E-09,2.91E-06,2.17E-06
0.000408,0.000276,0.150372,0.000126,100,1,1025,0.00012,0.4473873,0.000266204,5.16E-14,4.34E-06,3.37E-20,1.85E-09,2.42E-06,1.20E-06
0.000408,0.000276,0.150372,0.000126,100,1,1050,0.00012,0.4474418,0.0002724,2.86E-14,3.15E-06,-2.79E-19,1.73E-09,1.99E-06,5.50E-07
0.000408,0.000276,0.150372,0.000126,100,1,1075,0.00012,0.4474955,0.000277514,1.38E-14,2.33E-06,-2.99E-19,1.74E-09,1.63E-06,2.11E-07
0.000408,0.000276,0.150372,0.000126,100,1,1100,0.00012,0.4475488,0.000281735,5.43E-15,1.83E-06,2.38E-20,1.91E-09,1.37E-06,7.77E-08
0.000408,0.000276,0.150372,0.000126,100,1,1125,0.00012,0.4476016,0.00028524,1.41E-15,1.60E-06,2.24E-17,2.28E-09,1.18E-06,4.02E-08
0.000408,0.000276,0.150372,0.000126,100,1,1150,0.00012,0.4476537,0.000288182,4.05E-16,1.64E-06,2.60E-21,2.92E-09,1.05E-06,3.33E-08
0.000408,0.000276,0.150372,0.000126,100,1,1175,0.00012,0.4477053,0.000290696,-2.70E-14,1.95E-06,6.34E-22,3.89E-09,9.46E-07,3.36E-08
0.000408,0.000276,0.150372,0.000126,100,1,1200,0.00012,0.4477566,0.000292896,-1.04E-15,2.55E-06,-9.41E-20,5.29E-09,8.66E-07,3.59E-08
0.000408,0.000276,0.150372,0.000126,100,1,1225,0.00012,0.4478078,0.000294879,4.62E-17,3.51E-06,-9.88E-20,7.24E-09,8.00E-07,3.90E-08
0.000408,0.000276,0.150372,0.000126,100,1,1250,0.00012,0.4478591,0.000296719,7.11E-17,4.91E-06,1.04E-18,9.90E-09,7.42E-07,4.28E-08
0.000102,6.90E-05,0.150093,3.15E-05,100,2.5,550,0.00024,0.45,0.000199989,0.00024,6.90E-05,3.15E-05,0.000102,1.08E-08,0
0.000102,6.90E-05,0.150093,3.15E-05,100,2.5,575,0.00024,0.45,0.000199988,0.000239999,6.90E-05,3.15E-05,0.000102,1.08E-08,0
0.000102,6.90E-05,0.150093,3.15E-05,100,2.5,600,0.00024,0.45,0.000199986,0.000239998,6.90E-05,3.15E-05,0.000101999,1.18E-08,0
0.000102,6.90E-05,0.150093,3.15E-05,100,2.5,625,0.00024,0.45,0.000199979,0.000239994,6.90E-05,3.15E-05,0.000101998,1.50E-08,0
0.000102,6.90E-05,0.150093,3.15E-05,100,2.5,650,0.00024,0.4499999,0.000199962,0.000239985,6.90E-05,3.15E-05,0.000101995,2.33E-08,0
0.000102,6.90E-05,0.150093,3.15E-05,100,2.5,675,0.00024,0.4499998,0.000199917,0.000239961,6.90E-05,3.15E-05,0.000101986,4.38E-08,0
0.000102,6.90E-05,0.150093,3.15E-05,100,2.5,700,0.00024,0.4499996,0.0001998,0.000239896,6.90E-05,3.15E-05,0.000101961,9.65E-08,0
0.000102,6.90E-05,0.150093,3.15E-05,100,2.5,725,0.00024,0.4499989,0.000199429,0.000239683,6.90E-05,3.15E-05,0.000101878,2.57E-07,0
0.000102,6.90E-05,0.150093,3.15E-05,100,2.5,750,0.00024,0.4499951,0.000197305,0.000238393,6.89E-05,3.13E-05,0.000101376,1.13E-06,0
0.000102,6.90E-05,0.150093,3.15E-05,100,2.5,775,0.00024,0.4498585,0.000142032,0.000186005,7.02E-05,2.61E-05,8.08E-05,1.58E-05,1.54E-06
0.000102,6.90E-05,0.150093,3.15E-05,100,2.5,800,0.00024,0.4495173,9.01E-05,0.000100424,7.40E-05,1.64E-05,4.52E-05,1.55E-05,6.38E-06
0.000102,6.90E-05,0.150093,3.15E-05,100,2.5,825,0.00024,0.4492426,6.39E-05,4.90E-05,7.43E-05,9.15E-06,2.22E-05,1.31E-05,9.78E-06
0.000102,6.90E-05,0.150093,3.15E-05,100,2.5,850,0.00024,0.4490222,5.00E-05,1.77E-05,7.00E-05,3.84E-06,7.91E-06,1.11E-05,1.14E-05
0.000102,6.90E-05,0.150093,3.15E-05,100,2.5,875,0.00024,0.4488518,4.54E-05,2.80E-06,5.72E-05,7.79E-07,1.22E-06,9.16E-06,1.09E-05
0.000102,6.90E-05,0.150093,3.15E-05,100,2.5,900,0.00024,0.4487284,4.90E-05,3.88E-08,3.23E-05,2.00E-08,1.96E-08,6.58E-06,8.90E-06
0.000102,6.90E-05,0.150093,3.15E-05,100,2.5,925,0.00024,0.4486528,5.65E-05,1.39E-10,1.56E-05,1.48E-10,1.72E-09,4.47E-06,6.52E-06
0.000102,6.90E-05,0.150093,3.15E-05,100,2.5,950,0.00024,0.44862,6.67E-05,7.08E-12,8.17E-06,2.27E-12,1.02E-09,3.31E-06,4.32E-06
0.000102,6.90E-05,0.150093,3.15E-05,100,2.5,975,0.00024,0.4486173,8.01E-05,7.91E-13,4.71E-06,2.58E-14,7.08E-10,2.60E-06,2.51E-06
0.000102,6.90E-05,0.150093,3.15E-05,100,2.5,1000,0.00024,0.4486334,9.66E-05,2.26E-13,2.89E-06,4.70E-17,5.40E-10,2.10E-06,1.23E-06
0.000102,6.90E-05,0.150093,3.15E-05,100,2.5,1025,0.00024,0.4486605,0.000115802,1.56E-13,1.84E-06,-6.19E-18,4.45E-10,1.72E-06,4.70E-07
0.000102,6.90E-05,0.150093,3.15E-05,100,2.5,1050,0.00024,0.4486941,0.000137127,1.16E-13,1.19E-06,-1.32E-20,4.02E-10,1.45E-06,1.43E-07
0.000102,6.90E-05,0.150093,3.15E-05,100,2.5,1075,0.00024,0.448731,0.000159641,8.00E-14,7.85E-07,3.96E-21,4.16E-10,1.31E-06,5.15E-08
0.000102,6.90E-05,0.150093,3.15E-05,100,2.5,1100,0.00024,0.4487691,0.000182409,4.85E-14,5.70E-07,3.72E-21,4.98E-10,1.26E-06,3.75E-08
0.000102,6.90E-05,0.150093,3.15E-05,100,2.5,1125,0.00024,0.4488071,0.000204607,2.46E-14,5.29E-07,1.32E-22,6.62E-10,1.25E-06,3.86E-08
0.000102,6.90E-05,0.150093,3.15E-05,100,2.5,1150,0.00024,0.448844,0.000225622,9.68E-15,6.44E-07,-2.41E-21,9.25E-10,1.24E-06,4.24E-08
0.000102,6.90E-05,0.150093,3.15E-05,100,2.5,1175,0.00024,0.4488796,0.000245081,2.71E-15,9.05E-07,-3.24E-20,1.31E-09,1.24E-06,4.74E-08
0.000102,6.90E-05,0.150093,3.15E-05,100,2.5,1200,0.00024,0.4489136,0.00026283,4.86E-16,1.32E-06,-4.92E-21,1.85E-09,1.22E-06,5.31E-08
0.000102,6.90E-05,0.150093,3.15E-05,100,2.5,1225,0.00024,0.4489462,0.000278862,6.99E-17,1.92E-06,-1.08E-22,2.60E-09,1.20E-06,5.94E-08
0.000102,6.90E-05,0.150093,3.15E-05,100,2.5,1250,0.00024,0.4489776,0.000293273,4.30E-17,2.78E-06,2.00E-25,3.60E-09,1.17E-06,6.62E-08
0.000306,0.000207,0.150279,9.45E-05,100,5,550,0.00036,0.45,0.000199955,0.000359999,0.000206999,9.45E-05,0.000305999,4.33E-08,0
0.000306,0.000207,0.150279,9.45E-05,100,5,575,0.00036,0.45,0.000199952,0.000359996,0.000206999,9.45E-05,0.000305998,4.40E-08,0
0.000306,0.000207,0.150279,9.45E-05,100,5,600,0.00036,0.4499999,0.000199941,0.000359991,0.000206998,9.45E-05,0.000305993,4.98E-08,0
0.000306,0.000207,0.150279,9.45E-05,100,5,625,0.00036,0.4499999,0.000199908,0.000359976,0.000206995,9.45E-05,0.000305982,6.79E-08,0
0.000306,0.000207,0.150279,9.45E-05,100,5,650,0.00036,0.4499997,0.00019982,0.000359937,0.000206988,9.45E-05,0.000305954,1.16E-07,0
0.000306,0.000207,0.150279,9.45E-05,100,5,675,0.00036,0.4499992,0.000199588,0.000359834,0.000206973,9.45E-05,0.000305875,2.45E-07,0
0.000306,0.000207,0.150279,9.45E-05,100,5,700,0.00036,0.4499978,0.000198891,0.000359513,0.000206934,9.44E-05,0.000305627,6.26E-07,0
0.000306,0.000207,0.150279,9.45E-05,100,5,725,0.00036,0.4499921,0.000195777,0.000358006,0.000206788,9.41E-05,0.00030445,2.29E-06,0
0.000306,0.000207,0.150279,9.45E-05,100,5,750,0.00036,0.4495396,8.21E-05,0.000157968,0.000214796,5.36E-05,0.000145674,2.80E-05,1.50E-05
0.000306,0.000207,0.150279,9.45E-05,100,5,775,0.00036,0.4482803,5.20E-05,2.72E-05,0.000194296,1.52E-05,2.93E-05,2.96E-05,2.75E-05
0.000306,0.000207,0.150279,9.45E-05,100,5,800,0.00036,0.4478243,4.52E-05,7.91E-06,0.000168442,5.79E-06,8.92E-06,3.27E-05,2.82E-05
0.000306,0.000207,0.150279,9.45E-05,100,5,825,0.00036,0.4475573,4.10E-05,2.04E-06,0.000140271,1.89E-06,2.29E-06,3.36E-05,2.64E-05
0.000306,0.000207,0.150279,9.45E-05,100,5,850,0.00036,0.4473708,3.99E-05,3.18E-07,0.000107281,3.84E-07,3.45E-07,3.11E-05,2.28E-05
0.000306,0.000207,0.150279,9.45E-05,100,5,875,0.00036,0.4472257,4.34E-05,1.26E-08,6.69E-05,2.37E-08,1.92E-08,2.50E-05,1.78E-05
0.000306,0.000207,0.150279,9.45E-05,100,5,900,0.00036,0.4471079,5.14E-05,1.81E-11,2.95E-05,1.67E-10,3.79E-09,1.61E-05,1.22E-05
0.000306,0.000207,0.150279,9.45E-05,100,5,925,0.00036,0.4470283,6.10E-05,9.80E-13,9.43E-06,1.01E-13,1.48E-09,8.45E-06,6.93E-06
0.000306,0.000207,0.150279,9.45E-05,100,5,950,0.00036,0.4469977,7.07E-05,2.27E-13,2.85E-06,-2.80E-14,6.07E-10,4.43E-06,3.12E-06
0.000306,0.000207,0.150279,9.45E-05,100,5,975,0.00036,0.4470085,8.25E-05,6.48E-13,1.01E-06,-4.43E-18,3.31E-10,2.68E-06,1.04E-06
0.000306,0.000207,0.150279,9.45E-05,100,5,1000,0.00036,0.447047,9.79E-05,5.23E-13,4.23E-07,-3.25E-17,2.42E-10,1.88E-06,2.50E-07
0.000306,0.000207,0.150279,9.45E-05,100,5,1025,0.00036,0.4471027,0.00011746,4.01E-13,2.02E-07,-8.19E-18,2.37E-10,1.59E-06,6.19E-08
0.000306,0.000207,0.150279,9.45E-05,100,5,1050,0.00036,0.4471685,0.000140904,2.62E-13,1.28E-07,5.22E-22,3.02E-10,1.58E-06,3.94E-08
0.000306,0.000207,0.150279,9.45E-05,100,5,1075,0.00036,0.4472399,0.000167822,1.43E-13,1.37E-07,-7.25E-21,4.34E-10,1.68E-06,4.19E-08
0.000306,0.000207,0.150279,9.45E-05,100,5,1100,0.00036,0.447314,0.000197248,6.11E-14,1.97E-07,3.37E-21,6.41E-10,1.79E-06,4.72E-08
0.000306,0.000207,0.150279,9.45E-05,100,5,1125,0.00036,0.4473883,0.000227826,1.86E-14,3.00E-07,-9.11E-23,9.41E-10,1.89E-06,5.36E-08
0.000306,0.000207,0.150279,9.45E-05,100,5,1150,0.00036,0.4474611,0.000258071,3.51E-15,4.55E-07,-4.23E-23,1.36E-09,1.96E-06,6.07E-08
0.000306,0.000207,0.150279,9.45E-05,100,5,1175,0.00036,0.4475311,0.000286741,5.54E-16,6.80E-07,6.92E-25,1.95E-09,2.00E-06,6.85E-08
0.000306,0.000207,0.150279,9.45E-05,100,5,1200,0.00036,0.4475978,0.000313071,1.16E-16,1.00E-06,2.68E-25,2.76E-09,2.02E-06,7.70E-08
0.000306,0.000207,0.150279,9.45E-05,100,5,1225,0.00036,0.4476612,0.000336755,8.94E-17,1.46E-06,4.31E-27,3.86E-09,2.01E-06,8.62E-08
0.000306,0.000207,0.150279,9.45E-05,100,5,1250,0.00036,0.4477213,0.000357833,1.32E-16,2.11E-06,-3.31E-28,5.35E-09,1.98E-06,9.61E-08
