Reactant Fraction for N2 C1 Inlet1 PFR (C1)_(mole_fraction),Reactant Fraction for H2 C1 Inlet1 PFR (C1)_(mole_fraction),Temperature C1 PFR PFR (C1)_(C),Reactant Fraction for CH4 C1 Inlet1 PFR (C1)_(mole_fraction),Reactant Fraction for CO2 C1 Inlet1 PFR (C1)_(mole_fraction),Reactant Fraction for CO C1 Inlet1 PFR (C1)_(mole_fraction),Mole fraction NO end point,Mole fraction NO2 end point,Mole fraction N2O end point
0.7898,0,550,0,0.15,0,0.000199998,0,0
0.7898,0,550,0,0.15,0,0.000199998,0,0
0.789518,8.10E-05,550,3.00E-07,0.150009,0.000192,0.000199996,0,0
0.788953,0.000243,550,9.00E-07,0.150027,0.000576,0.000199866,1.26E-07,0
0.788388,0.000405,550,1.50E-06,0.150045,0.00096,0.000179555,1.95E-05,0
0.787824,0.000567,550,2.10E-06,0.150063,0.00134,0.000147556,5.13E-05,0
0.787259,0.000729,550,2.70E-06,0.150081,0.00173,0.000136476,6.24E-05,0
0.789504,0.000102,550,3.15E-05,0.150093,6.90E-05,0.000199997,0,0
0.786695,0.000891,550,3.30E-06,0.150099,0.00211,0.000132718,6.61E-05,0
0.78613,0.00105,550,3.90E-06,0.150117,0.0025,0.000131712,6.70E-05,0
0.785566,0.00122,550,4.50E-06,0.150135,0.00288,0.000131764,6.68E-05,0
0.785001,0.00138,550,5.10E-06,0.150153,0.00326,0.00013223,6.62E-05,0
0.784436,0.00154,550,5.70E-06,0.150171,0.00365,0.000132899,6.55E-05,0
0.783872,0.0017,550,6.30E-06,0.150189,0.00403,0.000133689,6.46E-05,0
0.783307,0.00186,550,6.90E-06,0.150207,0.00442,0.000134625,6.36E-05,0
0.782742,0.00203,550,7.50E-06,0.150225,0.0048,0.00013569,6.26E-05,0
0.782178,0.00219,550,8.10E-06,0.150243,0.00518,0.00013682,6.15E-05,0
0.788914,0.000306,550,9.45E-05,0.150279,0.000207,0.000199978,2.05E-08,0
0.788322,0.00051,550,0.000158,0.150465,0.000345,0.000198889,1.01E-06,0
0.787732,0.000714,550,0.00022,0.150651,0.000483,0.000154287,4.36E-05,0
0.78714,0.000918,550,0.000284,0.150837,0.000621,0.000136744,6.13E-05,0
0.78655,0.001122,550,0.000346,0.151023,0.000759,0.000131328,6.68E-05,0
0.785958,0.001326,550,0.00041,0.151209,0.000897,0.000130233,6.78E-05,0
0.785368,0.00153,550,0.000472,0.151395,0.001035,0.000130504,6.74E-05,0
0.784776,0.001734,550,0.000536,0.151581,0.001173,0.000131122,6.67E-05,0
0.784186,0.001938,550,0.000598,0.151767,0.001311,0.000131953,6.58E-05,0
0.783594,0.002142,550,0.000662,0.151953,0.001449,0.000132912,6.48E-05,0
0.783004,0.002346,550,0.000724,0.152139,0.001587,0.000133977,6.37E-05,0
0.782412,0.00255,550,0.000788,0.152325,0.001725,0.000135093,6.26E-05,0
0.781822,0.002754,550,0.00085,0.152511,0.001863,0.000136217,6.15E-05,0
0.7898,0,575,0,0.15,0,0.000199998,0,0
0.7898,0,575,0,0.15,0,0.000199998,0,0
0.789518,8.10E-05,575,3.00E-07,0.150009,0.000192,0.000199984,1.48E-08,0
0.788953,0.000243,575,9.00E-07,0.150027,0.000576,0.000166776,3.26E-05,0
0.788388,0.000405,575,1.50E-06,0.150045,0.00096,0.000145013,5.44E-05,0
0.787824,0.000567,575,2.10E-06,0.150063,0.00134,0.000139587,5.98E-05,0
0.787259,0.000729,575,2.70E-06,0.150081,0.00173,0.000138774,6.05E-05,0
0.789504,0.000102,575,3.15E-05,0.150093,6.90E-05,0.000199988,1.15E-08,0
0.786695,0.000891,575,3.30E-06,0.150099,0.00211,0.000139235,6.00E-05,0
0.78613,0.00105,575,3.90E-06,0.150117,0.0025,0.000140028,5.91E-05,0
0.785566,0.00122,575,4.50E-06,0.150135,0.00288,0.000140993,5.82E-05,0
0.785001,0.00138,575,5.10E-06,0.150153,0.00326,0.000142033,5.71E-05,0
0.784436,0.00154,575,5.70E-06,0.150171,0.00365,0.000143161,5.61E-05,0
0.783872,0.0017,575,6.30E-06,0.150189,0.00403,0.000144339,5.50E-05,0
0.783307,0.00186,575,6.90E-06,0.150207,0.00442,0.000145583,5.38E-05,0
0.782742,0.00203,575,7.50E-06,0.150225,0.0048,0.000146889,5.26E-05,0
0.782178,0.00219,575,8.10E-06,0.150243,0.00518,0.000148178,5.14E-05,0
0.788914,0.000306,575,9.45E-05,0.150279,0.000207,0.000172725,2.61E-05,0
0.788322,0.00051,575,0.000158,0.150465,0.000345,0.000143139,5.59E-05,0
0.787732,0.000714,575,0.00022,0.150651,0.000483,0.000137866,6.11E-05,0
0.78714,0.000918,575,0.000284,0.150837,0.000621,0.00013746,6.14E-05,0
0.78655,0.001122,575,0.000346,0.151023,0.000759,0.000138113,6.07E-05,0
0.785958,0.001326,575,0.00041,0.151209,0.000897,0.000138965,5.98E-05,0
0.785368,0.00153,575,0.000472,0.151395,0.001035,0.000139945,5.89E-05,0
0.784776,0.001734,575,0.000536,0.151581,0.001173,0.00014101,5.78E-05,0
0.784186,0.001938,575,0.000598,0.151767,0.001311,0.000142139,5.67E-05,0
0.783594,0.002142,575,0.000662,0.151953,0.001449,0.000143308,5.56E-05,0
0.783004,0.002346,575,0.000724,0.152139,0.001587,0.000144491,5.45E-05,0
0.782412,0.00255,575,0.000788,0.152325,0.001725,0.000145736,5.33E-05,0
0.781822,0.002754,575,0.00085,0.152511,0.001863,0.000146997,5.21E-05,0
0.7898,0,600,0,0.15,0,0.000199998,0,0
0.7898,0,600,0,0.15,0,0.000199998,0,0
0.789518,8.10E-05,600,3.00E-07,0.150009,0.000192,0.000196163,3.64E-06,0
0.788953,0.000243,600,9.00E-07,0.150027,0.000576,0.00015283,4.69E-05,0
0.788388,0.000405,600,1.50E-06,0.150045,0.00096,0.000146126,5.35E-05,0
0.787824,0.000567,600,2.10E-06,0.150063,0.00134,0.000145862,5.38E-05,0
0.787259,0.000729,600,2.70E-06,0.150081,0.00173,0.000146683,5.29E-05,0
0.789504,0.000102,600,3.15E-05,0.150093,6.90E-05,0.000199005,9.09E-07,0
0.786695,0.000891,600,3.30E-06,0.150099,0.00211,0.000147686,5.19E-05,0
0.78613,0.00105,600,3.90E-06,0.150117,0.0025,0.000148774,5.09E-05,0
0.785566,0.00122,600,4.50E-06,0.150135,0.00288,0.000149928,4.98E-05,0
0.785001,0.00138,600,5.10E-06,0.150153,0.00326,0.000151087,4.87E-05,0
0.784436,0.00154,600,5.70E-06,0.150171,0.00365,0.000152287,4.76E-05,0
0.783872,0.0017,600,6.30E-06,0.150189,0.00403,0.000153487,4.64E-05,0
0.783307,0.00186,600,6.90E-06,0.150207,0.00442,0.000154714,4.53E-05,0
0.782742,0.00203,600,7.50E-06,0.150225,0.0048,0.000155965,4.41E-05,0
0.782178,0.00219,600,8.10E-06,0.150243,0.00518,0.000157188,4.29E-05,0
0.788914,0.000306,600,9.45E-05,0.150279,0.000207,0.000150115,4.94E-05,0
0.788322,0.00051,600,0.000158,0.150465,0.000345,0.000144438,5.50E-05,0
0.787732,0.000714,600,0.00022,0.150651,0.000483,0.000144492,5.49E-05,0
0.78714,0.000918,600,0.000284,0.150837,0.000621,0.000145325,5.41E-05,0
0.78655,0.001122,600,0.000346,0.151023,0.000759,0.000146295,5.31E-05,0
0.785958,0.001326,600,0.00041,0.151209,0.000897,0.00014736,5.21E-05,0
0.785368,0.00153,600,0.000472,0.151395,0.001035,0.000148489,5.09E-05,0
0.784776,0.001734,600,0.000536,0.151581,0.001173,0.000149665,4.98E-05,0
0.784186,0.001938,600,0.000598,0.151767,0.001311,0.000150866,4.86E-05,0
0.783594,0.002142,600,0.000662,0.151953,0.001449,0.000152102,4.74E-05,0
0.783004,0.002346,600,0.000724,0.152139,0.001587,0.000153354,4.62E-05,1.05E-08
0.782412,0.00255,600,0.000788,0.152325,0.001725,0.000154629,4.49E-05,1.27E-08
0.781822,0.002754,600,0.00085,0.152511,0.001863,0.000155904,4.37E-05,1.52E-08
0.7898,0,625,0,0.15,0,0.000199997,0,0
0.7898,0,625,0,0.15,0,0.000199997,0,0
0.789518,8.10E-05,625,3.00E-07,0.150009,0.000192,0.000175796,2.40E-05,0
0.788953,0.000243,625,9.00E-07,0.150027,0.000576,0.000154065,4.58E-05,0
0.788388,0.000405,625,1.50E-06,0.150045,0.00096,0.000152648,4.72E-05,0
0.787824,0.000567,625,2.10E-06,0.150063,0.00134,0.000153503,4.63E-05,0
0.787259,0.000729,625,2.70E-06,0.150081,0.00173,0.000154577,4.53E-05,0
0.789504,0.000102,625,3.15E-05,0.150093,6.90E-05,0.000173982,2.57E-05,0
0.786695,0.000891,625,3.30E-06,0.150099,0.00211,0.000155675,4.42E-05,0
0.78613,0.00105,625,3.90E-06,0.150117,0.0025,0.000156805,4.32E-05,0
0.785566,0.00122,625,4.50E-06,0.150135,0.00288,0.000157964,4.21E-05,0
0.785001,0.00138,625,5.10E-06,0.150153,0.00326,0.000159104,4.10E-05,0
0.784436,0.00154,625,5.70E-06,0.150171,0.00365,0.000160265,3.99E-05,1.11E-08
0.783872,0.0017,625,6.30E-06,0.150189,0.00403,0.000161415,3.88E-05,1.29E-08
0.783307,0.00186,625,6.90E-06,0.150207,0.00442,0.000162586,3.77E-05,1.50E-08
0.782742,0.00203,625,7.50E-06,0.150225,0.0048,0.00016377,3.65E-05,1.73E-08
0.782178,0.00219,625,8.10E-06,0.150243,0.00518,0.000164932,3.54E-05,1.98E-08
0.788914,0.000306,625,9.45E-05,0.150279,0.000207,0.000151973,4.78E-05,0
0.788322,0.00051,625,0.000158,0.150465,0.000345,0.000150957,4.87E-05,0
0.787732,0.000714,625,0.00022,0.150651,0.000483,0.000151787,4.79E-05,0
0.78714,0.000918,625,0.000284,0.150837,0.000621,0.000152828,4.69E-05,0
0.78655,0.001122,625,0.000346,0.151023,0.000759,0.00015395,4.57E-05,0
0.785958,0.001326,625,0.00041,0.151209,0.000897,0.00015514,4.45E-05,0
0.785368,0.00153,625,0.000472,0.151395,0.001035,0.000156363,4.33E-05,1.03E-08
0.784776,0.001734,625,0.000536,0.151581,0.001173,0.000157611,4.21E-05,1.29E-08
0.784186,0.001938,625,0.000598,0.151767,0.001311,0.000158858,4.08E-05,1.59E-08
0.783594,0.002142,625,0.000662,0.151953,0.001449,0.000160119,3.96E-05,1.95E-08
0.783004,0.002346,625,0.000724,0.152139,0.001587,0.00016136,3.83E-05,2.36E-08
0.782412,0.00255,625,0.000788,0.152325,0.001725,0.000162598,3.71E-05,2.85E-08
0.781822,0.002754,625,0.00085,0.152511,0.001863,0.000163811,3.59E-05,3.42E-08
0.7898,0,650,0,0.15,0,0.000199996,0,0
0.7898,0,650,0,0.15,0,0.000199996,0,0
0.789518,8.10E-05,650,3.00E-07,0.150009,0.000192,0.000171592,2.83E-05,0
0.788953,0.000243,650,9.00E-07,0.150027,0.000576,0.000159533,4.04E-05,0
0.788388,0.000405,650,1.50E-06,0.150045,0.00096,0.000159904,4.00E-05,0
0.787824,0.000567,650,2.10E-06,0.150063,0.00134,0.000160952,3.90E-05,0
0.787259,0.000729,650,2.70E-06,0.150081,0.00173,0.000162049,3.80E-05,0
0.789504,0.000102,650,3.15E-05,0.150093,6.90E-05,0.000169104,3.08E-05,0
0.786695,0.000891,650,3.30E-06,0.150099,0.00211,0.000163137,3.69E-05,1.06E-08
0.78613,0.00105,650,3.90E-06,0.150117,0.0025,0.000164236,3.59E-05,1.31E-08
0.785566,0.00122,650,4.50E-06,0.150135,0.00288,0.000165349,3.48E-05,1.57E-08
0.785001,0.00138,650,5.10E-06,0.150153,0.00326,0.000166441,3.38E-05,1.86E-08
0.784436,0.00154,650,5.70E-06,0.150171,0.00365,0.000167553,3.27E-05,2.18E-08
0.783872,0.0017,650,6.30E-06,0.150189,0.00403,0.000168656,3.17E-05,2.54E-08
0.783307,0.00186,650,6.90E-06,0.150207,0.00442,0.000169783,3.06E-05,2.95E-08
0.782742,0.00203,650,7.50E-06,0.150225,0.0048,0.000170927,2.95E-05,3.41E-08
0.782178,0.00219,650,8.10E-06,0.150243,0.00518,0.000172058,2.84E-05,3.94E-08
0.788914,0.000306,650,9.45E-05,0.150279,0.000207,0.000157438,4.24E-05,0
0.788322,0.00051,650,0.000158,0.150465,0.000345,0.000157817,4.20E-05,0
0.787732,0.000714,650,0.00022,0.150651,0.000483,0.000158913,4.09E-05,0
0.78714,0.000918,650,0.000284,0.150837,0.000621,0.000160127,3.97E-05,0
0.78655,0.001122,650,0.000346,0.151023,0.000759,0.00016138,3.84E-05,1.28E-08
0.785958,0.001326,650,0.00041,0.151209,0.000897,0.000162648,3.71E-05,1.67E-08
0.785368,0.00153,650,0.000472,0.151395,0.001035,0.000163902,3.58E-05,2.12E-08
0.784776,0.001734,650,0.000536,0.151581,0.001173,0.000165144,3.46E-05,2.66E-08
0.784186,0.001938,650,0.000598,0.151767,0.001311,0.000166347,3.34E-05,3.30E-08
0.783594,0.002142,650,0.000662,0.151953,0.001449,0.000167525,3.21E-05,4.06E-08
0.783004,0.002346,650,0.000724,0.152139,0.001587,0.000168655,3.10E-05,4.95E-08
0.782412,0.00255,650,0.000788,0.152325,0.001725,0.000169752,2.98E-05,6.02E-08
0.781822,0.002754,650,0.00085,0.152511,0.001863,0.000170792,2.88E-05,7.27E-08
0.7898,0,675,0,0.15,0,0.000199994,0,0
0.7898,0,675,0,0.15,0,0.000199994,0,0
0.789518,8.10E-05,675,3.00E-07,0.150009,0.000192,0.000172383,2.76E-05,0
0.788953,0.000243,675,9.00E-07,0.150027,0.000576,0.000166129,3.39E-05,0
0.788388,0.000405,675,1.50E-06,0.150045,0.00096,0.000167006,3.30E-05,0
0.787824,0.000567,675,2.10E-06,0.150063,0.00134,0.000168048,3.20E-05,1.23E-08
0.787259,0.000729,675,2.70E-06,0.150081,0.00173,0.000169097,3.10E-05,1.61E-08
0.789504,0.000102,675,3.15E-05,0.150093,6.90E-05,0.000170008,2.99E-05,0
0.786695,0.000891,675,3.30E-06,0.150099,0.00211,0.000170125,3.00E-05,2.02E-08
0.78613,0.00105,675,3.90E-06,0.150117,0.0025,0.000171162,2.90E-05,2.47E-08
0.785566,0.00122,675,4.50E-06,0.150135,0.00288,0.00017221,2.80E-05,2.98E-08
0.785001,0.00138,675,5.10E-06,0.150153,0.00326,0.000173243,2.70E-05,3.54E-08
0.784436,0.00154,675,5.70E-06,0.150171,0.00365,0.000174297,2.60E-05,4.19E-08
0.783872,0.0017,675,6.30E-06,0.150189,0.00403,0.000175342,2.50E-05,4.92E-08
0.783307,0.00186,675,6.90E-06,0.150207,0.00442,0.000176406,2.40E-05,5.79E-08
0.782742,0.00203,675,7.50E-06,0.150225,0.0048,0.000177467,2.30E-05,6.79E-08
0.782178,0.00219,675,8.10E-06,0.150243,0.00518,0.000178488,2.20E-05,7.91E-08
0.788914,0.000306,675,9.45E-05,0.150279,0.000207,0.000163643,3.62E-05,0
0.788322,0.00051,675,0.000158,0.150465,0.000345,0.000164639,3.52E-05,0
0.787732,0.000714,675,0.00022,0.150651,0.000483,0.000165963,3.39E-05,1.32E-08
0.78714,0.000918,675,0.000284,0.150837,0.000621,0.000167306,3.25E-05,1.84E-08
0.78655,0.001122,675,0.000346,0.151023,0.000759,0.000168602,3.12E-05,2.47E-08
0.785958,0.001326,675,0.00041,0.151209,0.000897,0.000169843,2.99E-05,3.23E-08
0.785368,0.00153,675,0.000472,0.151395,0.001035,0.000171004,2.87E-05,4.14E-08
0.784776,0.001734,675,0.000536,0.151581,0.001173,0.000172101,2.75E-05,5.26E-08
0.784186,0.001938,675,0.000598,0.151767,0.001311,0.000173116,2.65E-05,6.58E-08
0.783594,0.002142,675,0.000662,0.151953,0.001449,0.000174068,2.55E-05,8.17E-08
0.783004,0.002346,675,0.000724,0.152139,0.001587,0.000174943,2.45E-05,1.00E-07
0.782412,0.00255,675,0.000788,0.152325,0.001725,0.000175764,2.36E-05,1.22E-07
0.781822,0.002754,675,0.00085,0.152511,0.001863,0.000176521,2.28E-05,1.46E-07
0.7898,0,700,0,0.15,0,0.000199991,0,0
0.7898,0,700,0,0.15,0,0.000199991,0,0
0.789518,8.10E-05,700,3.00E-07,0.150009,0.000192,0.000175497,2.45E-05,0
0.788953,0.000243,700,9.00E-07,0.150027,0.000576,0.000172728,2.73E-05,1.02E-08
0.788388,0.000405,700,1.50E-06,0.150045,0.00096,0.000173686,2.64E-05,1.62E-08
0.787824,0.000567,700,2.10E-06,0.150063,0.00134,0.000174641,2.55E-05,2.26E-08
0.787259,0.000729,700,2.70E-06,0.150081,0.00173,0.000175589,2.45E-05,2.96E-08
0.789504,0.000102,700,3.15E-05,0.150093,6.90E-05,0.000173019,2.69E-05,0
0.786695,0.000891,700,3.30E-06,0.150099,0.00211,0.000176515,2.37E-05,3.72E-08
0.78613,0.00105,700,3.90E-06,0.150117,0.0025,0.000177448,2.28E-05,4.60E-08
0.785566,0.00122,700,4.50E-06,0.150135,0.00288,0.000178387,2.19E-05,5.60E-08
0.785001,0.00138,700,5.10E-06,0.150153,0.00326,0.000179304,2.10E-05,6.73E-08
0.784436,0.00154,700,5.70E-06,0.150171,0.00365,0.000180221,2.01E-05,8.03E-08
0.783872,0.0017,700,6.30E-06,0.150189,0.00403,0.000181099,1.93E-05,9.44E-08
0.783307,0.00186,700,6.90E-06,0.150207,0.00442,0.000181955,1.85E-05,1.10E-07
0.782742,0.00203,700,7.50E-06,0.150225,0.0048,0.000182767,1.78E-05,1.26E-07
0.782178,0.00219,700,8.10E-06,0.150243,0.00518,0.000183527,1.71E-05,1.43E-07
0.788914,0.000306,700,9.45E-05,0.150279,0.000207,0.000169913,3.00E-05,0
0.788322,0.00051,700,0.000158,0.150465,0.000345,0.00017135,2.85E-05,1.59E-08
0.787732,0.000714,700,0.00022,0.150651,0.000483,0.000172825,2.70E-05,2.37E-08
0.78714,0.000918,700,0.000284,0.150837,0.000621,0.000174156,2.56E-05,3.36E-08
0.78655,0.001122,700,0.000346,0.151023,0.000759,0.000175316,2.44E-05,4.57E-08
0.785958,0.001326,700,0.00041,0.151209,0.000897,0.000176331,2.33E-05,6.08E-08
0.785368,0.00153,700,0.000472,0.151395,0.001035,0.000177209,2.24E-05,7.88E-08
0.784776,0.001734,700,0.000536,0.151581,0.001173,0.000177991,2.15E-05,1.01E-07
0.784186,0.001938,700,0.000598,0.151767,0.001311,0.000178689,2.08E-05,1.25E-07
0.783594,0.002142,700,0.000662,0.151953,0.001449,0.000179335,2.00E-05,1.53E-07
0.783004,0.002346,700,0.000724,0.152139,0.001587,0.000179932,1.94E-05,1.83E-07
0.782412,0.00255,700,0.000788,0.152325,0.001725,0.000180499,1.87E-05,2.16E-07
0.781822,0.002754,700,0.00085,0.152511,0.001863,0.000181034,1.81E-05,2.50E-07
0.7898,0,725,0,0.15,0,0.000199985,1.47E-08,0
0.7898,0,725,0,0.15,0,0.000199985,1.47E-08,0
0.789518,8.10E-05,725,3.00E-07,0.150009,0.000192,0.000179543,2.05E-05,0
0.788953,0.000243,725,9.00E-07,0.150027,0.000576,0.00017878,2.13E-05,1.80E-08
0.788388,0.000405,725,1.50E-06,0.150045,0.00096,0.000179637,2.04E-05,2.88E-08
0.787824,0.000567,725,2.10E-06,0.150063,0.00134,0.000180431,1.97E-05,4.03E-08
0.787259,0.000729,725,2.70E-06,0.150081,0.00173,0.000181209,1.89E-05,5.34E-08
0.789504,0.000102,725,3.15E-05,0.150093,6.90E-05,0.000176815,2.31E-05,0
0.786695,0.000891,725,3.30E-06,0.150099,0.00211,0.000181965,1.82E-05,6.80E-08
0.78613,0.00105,725,3.90E-06,0.150117,0.0025,0.000182722,1.75E-05,8.45E-08
0.785566,0.00122,725,4.50E-06,0.150135,0.00288,0.000183462,1.69E-05,1.02E-07
0.785001,0.00138,725,5.10E-06,0.150153,0.00326,0.000184167,1.62E-05,1.21E-07
0.784436,0.00154,725,5.70E-06,0.150171,0.00365,0.000184855,1.56E-05,1.40E-07
0.783872,0.0017,725,6.30E-06,0.150189,0.00403,0.000185506,1.50E-05,1.59E-07
0.783307,0.00186,725,6.90E-06,0.150207,0.00442,0.000186142,1.44E-05,1.78E-07
0.782742,0.00203,725,7.50E-06,0.150225,0.0048,0.000186752,1.39E-05,1.97E-07
0.782178,0.00219,725,8.10E-06,0.150243,0.00518,0.000187334,1.34E-05,2.14E-07
0.788914,0.000306,725,9.45E-05,0.150279,0.000207,0.00017598,2.39E-05,1.58E-08
0.788322,0.00051,725,0.000158,0.150465,0.000345,0.000177714,2.21E-05,2.71E-08
0.787732,0.000714,725,0.00022,0.150651,0.000483,0.000179111,2.07E-05,4.15E-08
0.78714,0.000918,725,0.000284,0.150837,0.000621,0.00018015,1.96E-05,6.00E-08
0.78655,0.001122,725,0.000346,0.151023,0.000759,0.00018092,1.87E-05,8.26E-08
0.785958,0.001326,725,0.00041,0.151209,0.000897,0.000181539,1.80E-05,1.10E-07
0.785368,0.00153,725,0.000472,0.151395,0.001035,0.000182071,1.74E-05,1.40E-07
0.784776,0.001734,725,0.000536,0.151581,0.001173,0.000182561,1.68E-05,1.73E-07
0.784186,0.001938,725,0.000598,0.151767,0.001311,0.00018302,1.63E-05,2.08E-07
0.783594,0.002142,725,0.000662,0.151953,0.001449,0.00018346,1.57E-05,2.45E-07
0.783004,0.002346,725,0.000724,0.152139,0.001587,0.000183881,1.52E-05,2.82E-07
0.782412,0.00255,725,0.000788,0.152325,0.001725,0.000184288,1.47E-05,3.20E-07
0.781822,0.002754,725,0.00085,0.152511,0.001863,0.000184678,1.42E-05,3.58E-07
0.7898,0,750,0,0.15,0,0.000199976,2.41E-08,0
0.7898,0,750,0,0.15,0,0.000199976,2.41E-08,0
0.789518,8.10E-05,750,3.00E-07,0.150009,0.000192,0.000183664,1.63E-05,1.27E-08
0.788953,0.000243,750,9.00E-07,0.150027,0.000576,0.000183867,1.62E-05,3.07E-08
0.788388,0.000405,750,1.50E-06,0.150045,0.00096,0.000184502,1.56E-05,4.97E-08
0.787824,0.000567,750,2.10E-06,0.150063,0.00134,0.000185063,1.51E-05,7.06E-08
0.787259,0.000729,750,2.70E-06,0.150081,0.00173,0.000185626,1.46E-05,9.40E-08
0.789504,0.000102,750,3.15E-05,0.150093,6.90E-05,0.000180757,1.92E-05,1.07E-08
0.786695,0.000891,750,3.30E-06,0.150099,0.00211,0.000186181,1.41E-05,1.18E-07
0.78613,0.00105,750,3.90E-06,0.150117,0.0025,0.000186739,1.36E-05,1.42E-07
0.785566,0.00122,750,4.50E-06,0.150135,0.00288,0.000187283,1.31E-05,1.66E-07
0.785001,0.00138,750,5.10E-06,0.150153,0.00326,0.00018781,1.26E-05,1.88E-07
0.784436,0.00154,750,5.70E-06,0.150171,0.00365,0.000188331,1.22E-05,2.10E-07
0.783872,0.0017,750,6.30E-06,0.150189,0.00403,0.000188831,1.18E-05,2.30E-07
0.783307,0.00186,750,6.90E-06,0.150207,0.00442,0.000189323,1.13E-05,2.49E-07
0.782742,0.00203,750,7.50E-06,0.150225,0.0048,0.000189796,1.09E-05,2.66E-07
0.782178,0.00219,750,8.10E-06,0.150243,0.00518,0.00019025,1.06E-05,2.82E-07
0.788914,0.000306,750,9.45E-05,0.150279,0.000207,0.000181573,1.83E-05,2.55E-08
0.788322,0.00051,750,0.000158,0.150465,0.000345,0.000183258,1.66E-05,4.52E-08
0.787732,0.000714,750,0.00022,0.150651,0.000483,0.000184178,1.55E-05,7.10E-08
0.78714,0.000918,750,0.000284,0.150837,0.000621,0.0001847,1.49E-05,1.03E-07
0.78655,0.001122,750,0.000346,0.151023,0.000759,0.000185086,1.45E-05,1.38E-07
0.785958,0.001326,750,0.00041,0.151209,0.000897,0.000185435,1.40E-05,1.76E-07
0.785368,0.00153,750,0.000472,0.151395,0.001035,0.000185767,1.36E-05,2.15E-07
0.784776,0.001734,750,0.000536,0.151581,0.001173,0.000186091,1.32E-05,2.55E-07
0.784186,0.001938,750,0.000598,0.151767,0.001311,0.000186405,1.28E-05,2.95E-07
0.783594,0.002142,750,0.000662,0.151953,0.001449,0.000186713,1.24E-05,3.34E-07
0.783004,0.002346,750,0.000724,0.152139,0.001587,0.000187013,1.20E-05,3.72E-07
0.782412,0.00255,750,0.000788,0.152325,0.001725,0.000187306,1.16E-05,4.10E-07
0.781822,0.002754,750,0.00085,0.152511,0.001863,0.000187593,1.12E-05,4.45E-07
0.7898,0,775,0,0.15,0,0.000199961,3.94E-08,0
0.7898,0,775,0,0.15,0,0.000199961,3.94E-08,0
0.789518,8.10E-05,775,3.00E-07,0.150009,0.000192,0.000187296,1.27E-05,2.00E-08
0.788953,0.000243,775,9.00E-07,0.150027,0.000576,0.00018774,1.23E-05,5.04E-08
0.788388,0.000405,775,1.50E-06,0.150045,0.00096,0.000188102,1.20E-05,8.34E-08
0.787824,0.000567,775,2.10E-06,0.150063,0.00134,0.000188467,1.17E-05,1.17E-07
0.787259,0.000729,775,2.70E-06,0.150081,0.00173,0.000188871,1.14E-05,1.51E-07
0.789504,0.000102,775,3.15E-05,0.150093,6.90E-05,0.000184493,1.55E-05,1.59E-08
0.786695,0.000891,775,3.30E-06,0.150099,0.00211,0.000189284,1.10E-05,1.81E-07
0.78613,0.00105,775,3.90E-06,0.150117,0.0025,0.000189709,1.07E-05,2.10E-07
0.785566,0.00122,775,4.50E-06,0.150135,0.00288,0.000190128,1.03E-05,2.35E-07
0.785001,0.00138,775,5.10E-06,0.150153,0.00326,0.000190539,9.99E-06,2.57E-07
0.784436,0.00154,775,5.70E-06,0.150171,0.00365,0.000190947,9.66E-06,2.78E-07
0.783872,0.0017,775,6.30E-06,0.150189,0.00403,0.000191339,9.34E-06,2.97E-07
0.783307,0.00186,775,6.90E-06,0.150207,0.00442,0.000191727,9.03E-06,3.15E-07
0.782742,0.00203,775,7.50E-06,0.150225,0.0048,0.000192101,8.74E-06,3.30E-07
0.782178,0.00219,775,8.10E-06,0.150243,0.00518,0.000192461,8.46E-06,3.44E-07
0.788914,0.000306,775,9.45E-05,0.150279,0.000207,0.000186308,1.36E-05,4.01E-08
0.788322,0.00051,775,0.000158,0.150465,0.000345,0.000187384,1.24E-05,7.40E-08
0.787732,0.000714,775,0.00022,0.150651,0.000483,0.000187722,1.20E-05,1.14E-07
0.78714,0.000918,775,0.000284,0.150837,0.000621,0.00018794,1.16E-05,1.58E-07
0.78655,0.001122,775,0.000346,0.151023,0.000759,0.000188154,1.13E-05,2.02E-07
0.785958,0.001326,775,0.00041,0.151209,0.000897,0.000188373,1.10E-05,2.45E-07
0.785368,0.00153,775,0.000472,0.151395,0.001035,0.000188595,1.07E-05,2.87E-07
0.784776,0.001734,775,0.000536,0.151581,0.001173,0.000188819,1.04E-05,3.27E-07
0.784186,0.001938,775,0.000598,0.151767,0.001311,0.000189044,1.01E-05,3.65E-07
0.783594,0.002142,775,0.000662,0.151953,0.001449,0.00018927,9.77E-06,4.02E-07
0.783004,0.002346,775,0.000724,0.152139,0.001587,0.000189496,9.48E-06,4.35E-07
0.782412,0.00255,775,0.000788,0.152325,0.001725,0.000189724,9.19E-06,4.67E-07
0.781822,0.002754,775,0.00085,0.152511,0.001863,0.000189955,8.91E-06,4.95E-07
0.7898,0,800,0,0.15,0,0.000199937,6.33E-08,0
0.7898,0,800,0,0.15,0,0.000199937,6.33E-08,0
0.789518,8.10E-05,800,3.00E-07,0.150009,0.000192,0.000190161,9.85E-06,3.04E-08
0.788953,0.000243,800,9.00E-07,0.150027,0.000576,0.000190454,9.61E-06,8.02E-08
0.788388,0.000405,800,1.50E-06,0.150045,0.00096,0.000190649,9.48E-06,1.31E-07
0.787824,0.000567,800,2.10E-06,0.150063,0.00134,0.000190922,9.28E-06,1.76E-07
0.787259,0.000729,800,2.70E-06,0.150081,0.00173,0.000191242,9.04E-06,2.16E-07
0.789504,0.000102,800,3.15E-05,0.150093,6.90E-05,0.000187819,1.21E-05,2.30E-08
0.786695,0.000891,800,3.30E-06,0.150099,0.00211,0.000191575,8.79E-06,2.48E-07
0.78613,0.00105,800,3.90E-06,0.150117,0.0025,0.000191918,8.53E-06,2.77E-07
0.785566,0.00122,800,4.50E-06,0.150135,0.00288,0.000192256,8.28E-06,3.01E-07
0.785001,0.00138,800,5.10E-06,0.150153,0.00326,0.000192589,8.03E-06,3.22E-07
0.784436,0.00154,800,5.70E-06,0.150171,0.00365,0.000192921,7.78E-06,3.41E-07
0.783872,0.0017,800,6.30E-06,0.150189,0.00403,0.000193241,7.55E-06,3.57E-07
0.783307,0.00186,800,6.90E-06,0.150207,0.00442,0.000193559,7.32E-06,3.72E-07
0.782742,0.00203,800,7.50E-06,0.150225,0.0048,0.000193868,7.09E-06,3.85E-07
0.782178,0.00219,800,8.10E-06,0.150243,0.00518,0.000194168,6.87E-06,3.97E-07
0.788914,0.000306,800,9.45E-05,0.150279,0.000207,0.000189764,1.01E-05,6.24E-08
0.788322,0.00051,800,0.000158,0.150465,0.000345,0.000190099,9.65E-06,1.13E-07
0.787732,0.000714,800,0.00022,0.150651,0.000483,0.000190198,9.45E-06,1.65E-07
0.78714,0.000918,800,0.000284,0.150837,0.000621,0.000190316,9.24E-06,2.14E-07
0.78655,0.001122,800,0.000346,0.151023,0.000759,0.000190459,9.01E-06,2.60E-07
0.785958,0.001326,800,0.00041,0.151209,0.000897,0.000190614,8.77E-06,3.02E-07
0.785368,0.00153,800,0.000472,0.151395,0.001035,0.000190779,8.54E-06,3.40E-07
0.784776,0.001734,800,0.000536,0.151581,0.001173,0.000190955,8.29E-06,3.76E-07
0.784186,0.001938,800,0.000598,0.151767,0.001311,0.000191139,8.06E-06,4.08E-07
0.783594,0.002142,800,0.000662,0.151953,0.001449,0.000191329,7.82E-06,4.37E-07
0.783004,0.002346,800,0.000724,0.152139,0.001587,0.000191527,7.59E-06,4.62E-07
0.782412,0.00255,800,0.000788,0.152325,0.001725,0.00019173,7.36E-06,4.85E-07
0.781822,0.002754,800,0.00085,0.152511,0.001863,0.00019194,7.14E-06,5.05E-07
0.7898,0,825,0,0.15,0,0.0001999,9.98E-08,0
0.7898,0,825,0,0.15,0,0.0001999,9.98E-08,0
0.789518,8.10E-05,825,3.00E-07,0.150009,0.000192,0.00019225,7.77E-06,4.46E-08
0.788953,0.000243,825,9.00E-07,0.150027,0.000576,0.000192331,7.75E-06,1.21E-07
0.788388,0.000405,825,1.50E-06,0.150045,0.00096,0.000192488,7.68E-06,1.89E-07
0.787824,0.000567,825,2.10E-06,0.150063,0.00134,0.00019273,7.53E-06,2.40E-07
0.787259,0.000729,825,2.70E-06,0.150081,0.00173,0.00019301,7.35E-06,2.81E-07
0.789504,0.000102,825,3.15E-05,0.150093,6.90E-05,0.000190607,9.33E-06,3.23E-08
0.786695,0.000891,825,3.30E-06,0.150099,0.00211,0.000193297,7.16E-06,3.12E-07
0.78613,0.00105,825,3.90E-06,0.150117,0.0025,0.000193591,6.96E-06,3.39E-07
0.785566,0.00122,825,4.50E-06,0.150135,0.00288,0.000193881,6.76E-06,3.60E-07
0.785001,0.00138,825,5.10E-06,0.150153,0.00326,0.000194167,6.57E-06,3.78E-07
0.784436,0.00154,825,5.70E-06,0.150171,0.00365,0.000194453,6.38E-06,3.93E-07
0.783872,0.0017,825,6.30E-06,0.150189,0.00403,0.000194731,6.19E-06,4.07E-07
0.783307,0.00186,825,6.90E-06,0.150207,0.00442,0.00019501,6.01E-06,4.18E-07
0.782742,0.00203,825,7.50E-06,0.150225,0.0048,0.000195282,5.82E-06,4.28E-07
0.782178,0.00219,825,8.10E-06,0.150243,0.00518,0.00019555,5.65E-06,4.36E-07
0.788914,0.000306,825,9.45E-05,0.150279,0.000207,0.000191951,7.89E-06,9.31E-08
0.788322,0.00051,825,0.000158,0.150465,0.000345,0.000191972,7.77E-06,1.58E-07
0.787732,0.000714,825,0.00022,0.150651,0.000483,0.000192025,7.64E-06,2.14E-07
0.78714,0.000918,825,0.000284,0.150837,0.000621,0.000192115,7.47E-06,2.63E-07
0.78655,0.001122,825,0.000346,0.151023,0.000759,0.000192234,7.29E-06,3.04E-07
0.785958,0.001326,825,0.00041,0.151209,0.000897,0.000192369,7.10E-06,3.41E-07
0.785368,0.00153,825,0.000472,0.151395,0.001035,0.00019252,6.91E-06,3.73E-07
0.784776,0.001734,825,0.000536,0.151581,0.001173,0.000192682,6.71E-06,4.01E-07
0.784186,0.001938,825,0.000598,0.151767,0.001311,0.000192856,6.52E-06,4.24E-07
0.783594,0.002142,825,0.000662,0.151953,0.001449,0.000193037,6.33E-06,4.45E-07
0.783004,0.002346,825,0.000724,0.152139,0.001587,0.000193229,6.14E-06,4.63E-07
0.782412,0.00255,825,0.000788,0.152325,0.001725,0.000193427,5.94E-06,4.78E-07
0.781822,0.002754,825,0.00085,0.152511,0.001863,0.000193632,5.75E-06,4.90E-07
0.7898,0,850,0,0.15,0,0.000199846,1.54E-07,0
0.7898,0,850,0,0.15,0,0.000199846,1.54E-07,0
0.789518,8.10E-05,850,3.00E-07,0.150009,0.000192,0.00019372,6.30E-06,6.30E-08
0.788953,0.000243,850,9.00E-07,0.150027,0.000576,0.000193691,6.42E-06,1.71E-07
0.788388,0.000405,850,1.50E-06,0.150045,0.00096,0.000193868,6.36E-06,2.49E-07
0.787824,0.000567,850,2.10E-06,0.150063,0.00134,0.00019411,6.23E-06,3.01E-07
0.787259,0.000729,850,2.70E-06,0.150081,0.00173,0.000194376,6.08E-06,3.39E-07
0.789504,0.000102,850,3.15E-05,0.150093,6.90E-05,0.000192787,7.15E-06,4.47E-08
0.786695,0.000891,850,3.30E-06,0.150099,0.00211,0.000194644,5.93E-06,3.67E-07
0.78613,0.00105,850,3.90E-06,0.150117,0.0025,0.000194915,5.76E-06,3.90E-07
0.785566,0.00122,850,4.50E-06,0.150135,0.00288,0.000195182,5.60E-06,4.06E-07
0.785001,0.00138,850,5.10E-06,0.150153,0.00326,0.000195445,5.44E-06,4.20E-07
0.784436,0.00154,850,5.70E-06,0.150171,0.00365,0.000195711,5.28E-06,4.32E-07
0.783872,0.0017,850,6.30E-06,0.150189,0.00403,0.00019597,5.12E-06,4.41E-07
0.783307,0.00186,850,6.90E-06,0.150207,0.00442,0.00019623,4.96E-06,4.48E-07
0.782742,0.00203,850,7.50E-06,0.150225,0.0048,0.000196487,4.81E-06,4.53E-07
0.782178,0.00219,850,8.10E-06,0.150243,0.00518,0.00019674,4.65E-06,4.57E-07
0.788914,0.000306,850,9.45E-05,0.150279,0.000207,0.000193385,6.46E-06,1.29E-07
0.788322,0.00051,850,0.000158,0.150465,0.000345,0.00019337,6.40E-06,2.01E-07
0.787732,0.000714,850,0.00022,0.150651,0.000483,0.000193433,6.28E-06,2.55E-07
0.78714,0.000918,850,0.000284,0.150837,0.000621,0.00019353,6.13E-06,3.00E-07
0.78655,0.001122,850,0.000346,0.151023,0.000759,0.000193654,5.97E-06,3.35E-07
0.785958,0.001326,850,0.00041,0.151209,0.000897,0.000193795,5.81E-06,3.64E-07
0.785368,0.00153,850,0.000472,0.151395,0.001035,0.000193952,5.65E-06,3.88E-07
0.784776,0.001734,850,0.000536,0.151581,0.001173,0.00019412,5.48E-06,4.08E-07
0.784186,0.001938,850,0.000598,0.151767,0.001311,0.000194299,5.31E-06,4.24E-07
0.783594,0.002142,850,0.000662,0.151953,0.001449,0.000194485,5.14E-06,4.38E-07
0.783004,0.002346,850,0.000724,0.152139,0.001587,0.00019468,4.97E-06,4.48E-07
0.782412,0.00255,850,0.000788,0.152325,0.001725,0.00019488,4.80E-06,4.57E-07
0.781822,0.002754,850,0.00085,0.152511,0.001863,0.000195086,4.63E-06,4.63E-07
0.7898,0,875,0,0.15,0,0.000199768,2.32E-07,0
0.7898,0,875,0,0.15,0,0.000199768,2.32E-07,0
0.789518,8.10E-05,875,3.00E-07,0.150009,0.000192,0.000194759,5.27E-06,8.60E-08
0.788953,0.000243,875,9.00E-07,0.150027,0.000576,0.000194737,5.42E-06,2.24E-07
0.788388,0.000405,875,1.50E-06,0.150045,0.00096,0.000194959,5.35E-06,3.04E-07
0.787824,0.000567,875,2.10E-06,0.150063,0.00134,0.00019522,5.24E-06,3.52E-07
0.787259,0.000729,875,2.70E-06,0.150081,0.00173,0.000195494,5.10E-06,3.85E-07
0.789504,0.000102,875,3.15E-05,0.150093,6.90E-05,0.000194345,5.59E-06,6.07E-08
0.786695,0.000891,875,3.30E-06,0.150099,0.00211,0.000195761,4.96E-06,4.07E-07
0.78613,0.00105,875,3.90E-06,0.150117,0.0025,0.000196031,4.82E-06,4.24E-07
0.785566,0.00122,875,4.50E-06,0.150135,0.00288,0.000196294,4.67E-06,4.35E-07
0.785001,0.00138,875,5.10E-06,0.150153,0.00326,0.000196554,4.53E-06,4.43E-07
0.784436,0.00154,875,5.70E-06,0.150171,0.00365,0.000196815,4.38E-06,4.49E-07
0.783872,0.0017,875,6.30E-06,0.150189,0.00403,0.000197071,4.24E-06,4.53E-07
0.783307,0.00186,875,6.90E-06,0.150207,0.00442,0.000197329,4.09E-06,4.55E-07
0.782742,0.00203,875,7.50E-06,0.150225,0.0048,0.000197582,3.95E-06,4.55E-07
0.782178,0.00219,875,8.10E-06,0.150243,0.00518,0.000197834,3.80E-06,4.54E-07
0.788914,0.000306,875,9.45E-05,0.150279,0.000207,0.000194451,5.41E-06,1.66E-07
0.788322,0.00051,875,0.000158,0.150465,0.000345,0.000194477,5.34E-06,2.38E-07
0.787732,0.000714,875,0.00022,0.150651,0.000483,0.000194572,5.22E-06,2.87E-07
0.78714,0.000918,875,0.000284,0.150837,0.000621,0.000194696,5.08E-06,3.24E-07
0.78655,0.001122,875,0.000346,0.151023,0.000759,0.000194843,4.93E-06,3.51E-07
0.785958,0.001326,875,0.00041,0.151209,0.000897,0.000195004,4.78E-06,3.73E-07
0.785368,0.00153,875,0.000472,0.151395,0.001035,0.000195177,4.62E-06,3.89E-07
0.784776,0.001734,875,0.000536,0.151581,0.001173,0.00019536,4.47E-06,4.02E-07
0.784186,0.001938,875,0.000598,0.151767,0.001311,0.000195551,4.31E-06,4.11E-07
0.783594,0.002142,875,0.000662,0.151953,0.001449,0.000195747,4.15E-06,4.18E-07
0.783004,0.002346,875,0.000724,0.152139,0.001587,0.000195949,3.99E-06,4.22E-07
0.782412,0.00255,875,0.000788,0.152325,0.001725,0.000196154,3.83E-06,4.25E-07
0.781822,0.002754,875,0.00085,0.152511,0.001863,0.000196361,3.68E-06,4.26E-07
0.7898,0,900,0,0.15,0,0.00019966,3.40E-07,0
0.7898,0,900,0,0.15,0,0.00019966,3.40E-07,0
0.789518,8.10E-05,900,3.00E-07,0.150009,0.000192,0.000195527,4.51E-06,1.13E-07
0.788953,0.000243,900,9.00E-07,0.150027,0.000576,0.000195592,4.64E-06,2.72E-07
0.788388,0.000405,900,1.50E-06,0.150045,0.00096,0.000195878,4.55E-06,3.46E-07
0.787824,0.000567,900,2.10E-06,0.150063,0.00134,0.000196177,4.43E-06,3.86E-07
0.787259,0.000729,900,2.70E-06,0.150081,0.00173,0.000196475,4.30E-06,4.11E-07
0.789504,0.000102,900,3.15E-05,0.150093,6.90E-05,0.000195383,4.56E-06,8.00E-08
0.786695,0.000891,900,3.30E-06,0.150099,0.00211,0.000196759,4.17E-06,4.25E-07
0.78613,0.00105,900,3.90E-06,0.150117,0.0025,0.000197042,4.03E-06,4.34E-07
0.785566,0.00122,900,4.50E-06,0.150135,0.00288,0.000197314,3.89E-06,4.38E-07
0.785001,0.00138,900,5.10E-06,0.150153,0.00326,0.000197582,3.75E-06,4.40E-07
0.784436,0.00154,900,5.70E-06,0.150171,0.00365,0.000197851,3.61E-06,4.40E-07
0.783872,0.0017,900,6.30E-06,0.150189,0.00403,0.000198112,3.47E-06,4.37E-07
0.783307,0.00186,900,6.90E-06,0.150207,0.00442,0.000198375,3.33E-06,4.33E-07
0.782742,0.00203,900,7.50E-06,0.150225,0.0048,0.000198631,3.19E-06,4.27E-07
0.782178,0.00219,900,8.10E-06,0.150243,0.00518,0.000198885,3.06E-06,4.20E-07
0.788914,0.000306,900,9.45E-05,0.150279,0.000207,0.000195316,4.58E-06,2.00E-07
0.788322,0.00051,900,0.000158,0.150465,0.000345,0.000195406,4.48E-06,2.66E-07
0.787732,0.000714,900,0.00022,0.150651,0.000483,0.000195548,4.35E-06,3.07E-07
0.78714,0.000918,900,0.000284,0.150837,0.000621,0.00019571,4.21E-06,3.35E-07
0.78655,0.001122,900,0.000346,0.151023,0.000759,0.000195888,4.06E-06,3.53E-07
0.785958,0.001326,900,0.00041,0.151209,0.000897,0.000196075,3.91E-06,3.67E-07
0.785368,0.00153,900,0.000472,0.151395,0.001035,0.00019627,3.75E-06,3.76E-07
0.784776,0.001734,900,0.000536,0.151581,0.001173,0.000196468,3.60E-06,3.81E-07
0.784186,0.001938,900,0.000598,0.151767,0.001311,0.000196671,3.45E-06,3.84E-07
0.783594,0.002142,900,0.000662,0.151953,0.001449,0.000196876,3.30E-06,3.85E-07
0.783004,0.002346,900,0.000724,0.152139,0.001587,0.000197082,3.15E-06,3.84E-07
0.782412,0.00255,900,0.000788,0.152325,0.001725,0.000197288,3.01E-06,3.81E-07
0.781822,0.002754,900,0.00085,0.152511,0.001863,0.000197493,2.87E-06,3.77E-07
0.7898,0,925,0,0.15,0,0.000199518,4.82E-07,0
0.7898,0,925,0,0.15,0,0.000199518,4.82E-07,0
0.789518,8.10E-05,925,3.00E-07,0.150009,0.000192,0.000196137,3.92E-06,1.41E-07
0.788953,0.000243,925,9.00E-07,0.150027,0.000576,0.000196342,3.99E-06,3.05E-07
0.788388,0.000405,925,1.50E-06,0.150045,0.00096,0.000196713,3.88E-06,3.67E-07
0.787824,0.000567,925,2.10E-06,0.150063,0.00134,0.000197064,3.75E-06,3.95E-07
0.787259,0.000729,925,2.70E-06,0.150081,0.00173,0.000197399,3.61E-06,4.09E-07
0.789504,0.000102,925,3.15E-05,0.150093,6.90E-05,0.000196096,3.85E-06,1.01E-07
0.786695,0.000891,925,3.30E-06,0.150099,0.00211,0.000197711,3.47E-06,4.14E-07
0.78613,0.00105,925,3.90E-06,0.150117,0.0025,0.000198016,3.33E-06,4.15E-07
0.785566,0.00122,925,4.50E-06,0.150135,0.00288,0.000198305,3.19E-06,4.11E-07
0.785001,0.00138,925,5.10E-06,0.150153,0.00326,0.000198586,3.05E-06,4.06E-07
0.784436,0.00154,925,5.70E-06,0.150171,0.00365,0.000198866,2.92E-06,3.99E-07
0.783872,0.0017,925,6.30E-06,0.150189,0.00403,0.000199134,2.79E-06,3.90E-07
0.783307,0.00186,925,6.90E-06,0.150207,0.00442,0.000199402,2.66E-06,3.80E-07
0.782742,0.00203,925,7.50E-06,0.150225,0.0048,0.00019966,2.53E-06,3.69E-07
0.782178,0.00219,925,8.10E-06,0.150243,0.00518,0.000199914,2.41E-06,3.57E-07
0.788914,0.000306,925,9.45E-05,0.150279,0.000207,0.000196066,3.89E-06,2.24E-07
0.788322,0.00051,925,0.000158,0.150465,0.000345,0.000196234,3.75E-06,2.80E-07
0.787732,0.000714,925,0.00022,0.150651,0.000483,0.000196431,3.60E-06,3.10E-07
0.78714,0.000918,925,0.000284,0.150837,0.000621,0.000196636,3.45E-06,3.28E-07
0.78655,0.001122,925,0.000346,0.151023,0.000759,0.000196846,3.30E-06,3.38E-07
0.785958,0.001326,925,0.00041,0.151209,0.000897,0.000197057,3.14E-06,3.43E-07
0.785368,0.00153,925,0.000472,0.151395,0.001035,0.000197269,3.00E-06,3.45E-07
0.784776,0.001734,925,0.000536,0.151581,0.001173,0.000197479,2.85E-06,3.44E-07
0.784186,0.001938,925,0.000598,0.151767,0.001311,0.000197687,2.71E-06,3.41E-07
0.783594,0.002142,925,0.000662,0.151953,0.001449,0.000197894,2.57E-06,3.36E-07
0.783004,0.002346,925,0.000724,0.152139,0.001587,0.000198096,2.44E-06,3.30E-07
0.782412,0.00255,925,0.000788,0.152325,0.001725,0.000198295,2.31E-06,3.23E-07
0.781822,0.002754,925,0.00085,0.152511,0.001863,0.000198489,2.19E-06,3.15E-07
0.7898,0,950,0,0.15,0,0.000199348,6.52E-07,0
0.7898,0,950,0,0.15,0,0.000199348,6.52E-07,0
0.789518,8.10E-05,950,3.00E-07,0.150009,0.000192,0.000196664,3.43E-06,1.65E-07
0.788953,0.000243,950,9.00E-07,0.150027,0.000576,0.000197049,3.43E-06,3.16E-07
0.788388,0.000405,950,1.50E-06,0.150045,0.00096,0.000197521,3.29E-06,3.59E-07
0.787824,0.000567,950,2.10E-06,0.150063,0.00134,0.000197937,3.14E-06,3.72E-07
0.787259,0.000729,950,2.70E-06,0.150081,0.00173,0.000198317,2.99E-06,3.74E-07
0.789504,0.000102,950,3.15E-05,0.150093,6.90E-05,0.00019666,3.30E-06,1.19E-07
0.786695,0.000891,950,3.30E-06,0.150099,0.00211,0.00019866,2.85E-06,3.70E-07
0.78613,0.00105,950,3.90E-06,0.150117,0.0025,0.000198989,2.71E-06,3.63E-07
0.785566,0.00122,950,4.50E-06,0.150135,0.00288,0.000199293,2.57E-06,3.52E-07
0.785001,0.00138,950,5.10E-06,0.150153,0.00326,0.000199586,2.44E-06,3.41E-07
0.784436,0.00154,950,5.70E-06,0.150171,0.00365,0.000199873,2.31E-06,3.28E-07
0.783872,0.0017,950,6.30E-06,0.150189,0.00403,0.000200144,2.20E-06,3.15E-07
0.783307,0.00186,950,6.90E-06,0.150207,0.00442,0.000200412,2.08E-06,3.00E-07
0.782742,0.00203,950,7.50E-06,0.150225,0.0048,0.000200666,1.97E-06,2.85E-07
0.782178,0.00219,950,8.10E-06,0.150243,0.00518,0.000200914,1.87E-06,2.70E-07
0.788914,0.000306,950,9.45E-05,0.150279,0.000207,0.000196758,3.27E-06,2.33E-07
0.788322,0.00051,950,0.000158,0.150465,0.000345,0.00019701,3.11E-06,2.74E-07
0.787732,0.000714,950,0.00022,0.150651,0.000483,0.000197263,2.94E-06,2.92E-07
0.78714,0.000918,950,0.000284,0.150837,0.000621,0.000197506,2.78E-06,3.00E-07
0.78655,0.001122,950,0.000346,0.151023,0.000759,0.00019774,2.63E-06,3.01E-07
0.785958,0.001326,950,0.00041,0.151209,0.000897,0.000197967,2.48E-06,2.99E-07
0.785368,0.00153,950,0.000472,0.151395,0.001035,0.000198185,2.34E-06,2.95E-07
0.784776,0.001734,950,0.000536,0.151581,0.001173,0.000198396,2.21E-06,2.88E-07
0.784186,0.001938,950,0.000598,0.151767,0.001311,0.0001986,2.09E-06,2.80E-07
0.783594,0.002142,950,0.000662,0.151953,0.001449,0.000198796,1.97E-06,2.71E-07
0.783004,0.002346,950,0.000724,0.152139,0.001587,0.000198985,1.87E-06,2.61E-07
0.782412,0.00255,950,0.000788,0.152325,0.001725,0.000199167,1.77E-06,2.51E-07
0.781822,0.002754,950,0.00085,0.152511,0.001863,0.000199343,1.67E-06,2.39E-07
0.7898,0,975,0,0.15,0,0.000199171,8.29E-07,0
0.7898,0,975,0,0.15,0,0.000199171,8.29E-07,0
0.789518,8.10E-05,975,3.00E-07,0.150009,0.000192,0.000197151,2.99E-06,1.78E-07
0.788953,0.000243,975,9.00E-07,0.150027,0.000576,0.000197753,2.92E-06,2.97E-07
0.788388,0.000405,975,1.50E-06,0.150045,0.00096,0.00019834,2.75E-06,3.18E-07
0.787824,0.000567,975,2.10E-06,0.150063,0.00134,0.000198822,2.58E-06,3.17E-07
0.787259,0.000729,975,2.70E-06,0.150081,0.00173,0.000199248,2.43E-06,3.09E-07
0.789504,0.000102,975,3.15E-05,0.150093,6.90E-05,0.000197161,2.83E-06,1.29E-07
0.786695,0.000891,975,3.30E-06,0.150099,0.00211,0.000199619,2.29E-06,2.98E-07
0.78613,0.00105,975,3.90E-06,0.150117,0.0025,0.000199966,2.16E-06,2.84E-07
0.785566,0.00122,975,4.50E-06,0.150135,0.00288,0.000200279,2.03E-06,2.69E-07
0.785001,0.00138,975,5.10E-06,0.150153,0.00326,0.000200577,1.92E-06,2.54E-07
0.784436,0.00154,975,5.70E-06,0.150171,0.00365,0.000200864,1.81E-06,2.39E-07
0.783872,0.0017,975,6.30E-06,0.150189,0.00403,0.000201133,1.72E-06,2.24E-07
0.783307,0.00186,975,6.90E-06,0.150207,0.00442,0.000201395,1.63E-06,2.08E-07
0.782742,0.00203,975,7.50E-06,0.150225,0.0048,0.00020164,1.54E-06,1.93E-07
0.782178,0.00219,975,8.10E-06,0.150243,0.00518,0.000201879,1.47E-06,1.78E-07
0.788914,0.000306,975,9.45E-05,0.150279,0.000207,0.00019742,2.72E-06,2.21E-07
0.788322,0.00051,975,0.000158,0.150465,0.000345,0.000197754,2.52E-06,2.45E-07
0.787732,0.000714,975,0.00022,0.150651,0.000483,0.000198052,2.35E-06,2.51E-07
0.78714,0.000918,975,0.000284,0.150837,0.000621,0.000198321,2.19E-06,2.50E-07
0.78655,0.001122,975,0.000346,0.151023,0.000759,0.000198567,2.05E-06,2.45E-07
0.785958,0.001326,975,0.00041,0.151209,0.000897,0.000198796,1.92E-06,2.37E-07
0.785368,0.00153,975,0.000472,0.151395,0.001035,0.000199009,1.81E-06,2.28E-07
0.784776,0.001734,975,0.000536,0.151581,0.001173,0.00019921,1.70E-06,2.17E-07
0.784186,0.001938,975,0.000598,0.151767,0.001311,0.000199398,1.61E-06,2.06E-07
0.783594,0.002142,975,0.000662,0.151953,0.001449,0.000199578,1.52E-06,1.95E-07
0.783004,0.002346,975,0.000724,0.152139,0.001587,0.000199748,1.45E-06,1.84E-07
0.782412,0.00255,975,0.000788,0.152325,0.001725,0.000199911,1.38E-06,1.72E-07
0.781822,0.002754,975,0.00085,0.152511,0.001863,0.000200066,1.31E-06,1.60E-07
0.7898,0,1000,0,0.15,0,0.000199034,9.66E-07,0
0.7898,0,1000,0,0.15,0,0.000199034,9.66E-07,0
0.789518,8.10E-05,1000,3.00E-07,0.150009,0.000192,0.000197623,2.59E-06,1.75E-07
0.788953,0.000243,1000,9.00E-07,0.150027,0.000576,0.000198471,2.45E-06,2.50E-07
0.788388,0.000405,1000,1.50E-06,0.150045,0.00096,0.000199177,2.26E-06,2.51E-07
0.787824,0.000567,1000,2.10E-06,0.150063,0.00134,0.000199723,2.09E-06,2.40E-07
0.787259,0.000729,1000,2.70E-06,0.150081,0.00173,0.000200186,1.94E-06,2.26E-07
0.789504,0.000102,1000,3.15E-05,0.150093,6.90E-05,0.000197631,2.40E-06,1.27E-07
0.786695,0.000891,1000,3.30E-06,0.150099,0.00211,0.000200578,1.82E-06,2.10E-07
0.78613,0.00105,1000,3.90E-06,0.150117,0.0025,0.000200938,1.70E-06,1.95E-07
0.785566,0.00122,1000,4.50E-06,0.150135,0.00288,0.000201252,1.60E-06,1.79E-07
0.785001,0.00138,1000,5.10E-06,0.150153,0.00326,0.000201549,1.51E-06,1.65E-07
0.784436,0.00154,1000,5.70E-06,0.150171,0.00365,0.000201834,1.43E-06,1.51E-07
0.783872,0.0017,1000,6.30E-06,0.150189,0.00403,0.000202096,1.36E-06,1.37E-07
0.783307,0.00186,1000,6.90E-06,0.150207,0.00442,0.000202353,1.29E-06,1.25E-07
0.782742,0.00203,1000,7.50E-06,0.150225,0.0048,0.000202589,1.23E-06,1.12E-07
0.782178,0.00219,1000,8.10E-06,0.150243,0.00518,0.000202821,1.18E-06,1.01E-07
0.788914,0.000306,1000,9.45E-05,0.150279,0.000207,0.000198057,2.21E-06,1.88E-07
0.788322,0.00051,1000,0.000158,0.150465,0.000345,0.000198461,2.01E-06,1.96E-07
0.787732,0.000714,1000,0.00022,0.150651,0.000483,0.000198789,1.85E-06,1.93E-07
0.78714,0.000918,1000,0.000284,0.150837,0.000621,0.000199069,1.72E-06,1.85E-07
0.78655,0.001122,1000,0.000346,0.151023,0.000759,0.000199314,1.60E-06,1.75E-07
0.785958,0.001326,1000,0.00041,0.151209,0.000897,0.000199535,1.50E-06,1.65E-07
0.785368,0.00153,1000,0.000472,0.151395,0.001035,0.000199736,1.41E-06,1.54E-07
0.784776,0.001734,1000,0.000536,0.151581,0.001173,0.000199922,1.34E-06,1.43E-07
0.784186,0.001938,1000,0.000598,0.151767,0.001311,0.000200095,1.27E-06,1.32E-07
0.783594,0.002142,1000,0.000662,0.151953,0.001449,0.000200258,1.22E-06,1.22E-07
0.783004,0.002346,1000,0.000724,0.152139,0.001587,0.000200413,1.17E-06,1.12E-07
0.782412,0.00255,1000,0.000788,0.152325,0.001725,0.000200562,1.12E-06,1.02E-07
0.781822,0.002754,1000,0.00085,0.152511,0.001863,0.000200704,1.08E-06,9.27E-08
0.7898,0,1025,0,0.15,0,0.000198979,1.02E-06,0
0.7898,0,1025,0,0.15,0,0.000198979,1.02E-06,0
0.789518,8.10E-05,1025,3.00E-07,0.150009,0.000192,0.000198091,2.22E-06,1.54E-07
0.788953,0.000243,1025,9.00E-07,0.150027,0.000576,0.000199205,2.02E-06,1.86E-07
0.788388,0.000405,1025,1.50E-06,0.150045,0.00096,0.000200025,1.83E-06,1.74E-07
0.787824,0.000567,1025,2.10E-06,0.150063,0.00134,0.000200628,1.67E-06,1.58E-07
0.787259,0.000729,1025,2.70E-06,0.150081,0.00173,0.000201123,1.55E-06,1.43E-07
0.789504,0.000102,1025,3.15E-05,0.150093,6.90E-05,0.000198076,2.00E-06,1.13E-07
0.786695,0.000891,1025,3.30E-06,0.150099,0.00211,0.000201529,1.44E-06,1.29E-07
0.78613,0.00105,1025,3.90E-06,0.150117,0.0025,0.000201898,1.36E-06,1.16E-07
0.785566,0.00122,1025,4.50E-06,0.150135,0.00288,0.000202213,1.28E-06,1.04E-07
0.785001,0.00138,1025,5.10E-06,0.150153,0.00326,0.00020251,1.21E-06,9.31E-08
0.784436,0.00154,1025,5.70E-06,0.150171,0.00365,0.000202794,1.16E-06,8.31E-08
0.783872,0.0017,1025,6.30E-06,0.150189,0.00403,0.000203055,1.11E-06,7.42E-08
0.783307,0.00186,1025,6.90E-06,0.150207,0.00442,0.000203311,1.07E-06,6.62E-08
0.782742,0.00203,1025,7.50E-06,0.150225,0.0048,0.000203546,1.03E-06,5.91E-08
0.782178,0.00219,1025,8.10E-06,0.150243,0.00518,0.000203779,9.92E-07,5.30E-08
0.788914,0.000306,1025,9.45E-05,0.150279,0.000207,0.000198661,1.78E-06,1.41E-07
0.788322,0.00051,1025,0.000158,0.150465,0.000345,0.000199118,1.60E-06,1.37E-07
0.787732,0.000714,1025,0.00022,0.150651,0.000483,0.000199464,1.46E-06,1.28E-07
0.78714,0.000918,1025,0.000284,0.150837,0.000621,0.000199746,1.36E-06,1.19E-07
0.78655,0.001122,1025,0.000346,0.151023,0.000759,0.000199986,1.27E-06,1.09E-07
0.785958,0.001326,1025,0.00041,0.151209,0.000897,0.000200197,1.20E-06,9.90E-08
0.785368,0.00153,1025,0.000472,0.151395,0.001035,0.000200388,1.15E-06,8.99E-08
0.784776,0.001734,1025,0.000536,0.151581,0.001173,0.000200564,1.10E-06,8.14E-08
0.784186,0.001938,1025,0.000598,0.151767,0.001311,0.000200729,1.06E-06,7.35E-08
0.783594,0.002142,1025,0.000662,0.151953,0.001449,0.000200885,1.02E-06,6.62E-08
0.783004,0.002346,1025,0.000724,0.152139,0.001587,0.000201034,9.90E-07,5.97E-08
0.782412,0.00255,1025,0.000788,0.152325,0.001725,0.000201179,9.62E-07,5.38E-08
0.781822,0.002754,1025,0.00085,0.152511,0.001863,0.000201319,9.38E-07,4.86E-08
0.7898,0,1050,0,0.15,0,0.000199008,9.92E-07,1.28E-08
0.7898,0,1050,0,0.15,0,0.000199008,9.92E-07,1.28E-08
0.789518,8.10E-05,1050,3.00E-07,0.150009,0.000192,0.000198555,1.87E-06,1.22E-07
0.788953,0.000243,1050,9.00E-07,0.150027,0.000576,0.000199942,1.65E-06,1.23E-07
0.788388,0.000405,1050,1.50E-06,0.150045,0.00096,0.000200873,1.47E-06,1.07E-07
0.787824,0.000567,1050,2.10E-06,0.150063,0.00134,0.00020153,1.35E-06,9.32E-08
0.787259,0.000729,1050,2.70E-06,0.150081,0.00173,0.000202056,1.25E-06,8.15E-08
0.789504,0.000102,1050,3.15E-05,0.150093,6.90E-05,0.000198493,1.66E-06,8.93E-08
0.786695,0.000891,1050,3.30E-06,0.150099,0.00211,0.00020248,1.17E-06,7.16E-08
0.78613,0.00105,1050,3.90E-06,0.150117,0.0025,0.000202861,1.11E-06,6.32E-08
0.785566,0.00122,1050,4.50E-06,0.150135,0.00288,0.000203182,1.06E-06,5.59E-08
0.785001,0.00138,1050,5.10E-06,0.150153,0.00326,0.000203485,1.01E-06,4.99E-08
0.784436,0.00154,1050,5.70E-06,0.150171,0.00365,0.000203777,9.75E-07,4.47E-08
0.783872,0.0017,1050,6.30E-06,0.150189,0.00403,0.000204045,9.43E-07,4.04E-08
0.783307,0.00186,1050,6.90E-06,0.150207,0.00442,0.00020431,9.15E-07,3.68E-08
0.782742,0.00203,1050,7.50E-06,0.150225,0.0048,0.000204551,8.89E-07,3.38E-08
0.782178,0.00219,1050,8.10E-06,0.150243,0.00518,0.000204794,8.67E-07,3.14E-08
0.788914,0.000306,1050,9.45E-05,0.150279,0.000207,0.000199223,1.43E-06,9.33E-08
0.788322,0.00051,1050,0.000158,0.150465,0.000345,0.000199723,1.28E-06,8.43E-08
0.787732,0.000714,1050,0.00022,0.150651,0.000483,0.000200085,1.18E-06,7.54E-08
0.78714,0.000918,1050,0.000284,0.150837,0.000621,0.000200371,1.11E-06,6.73E-08
0.78655,0.001122,1050,0.000346,0.151023,0.000759,0.000200611,1.05E-06,6.01E-08
0.785958,0.001326,1050,0.00041,0.151209,0.000897,0.000200821,1.01E-06,5.38E-08
0.785368,0.00153,1050,0.000472,0.151395,0.001035,0.000201012,9.72E-07,4.84E-08
0.784776,0.001734,1050,0.000536,0.151581,0.001173,0.000201188,9.41E-07,4.36E-08
0.784186,0.001938,1050,0.000598,0.151767,0.001311,0.000201354,9.15E-07,3.95E-08
0.783594,0.002142,1050,0.000662,0.151953,0.001449,0.000201513,8.92E-07,3.61E-08
0.783004,0.002346,1050,0.000724,0.152139,0.001587,0.000201666,8.72E-07,3.32E-08
0.782412,0.00255,1050,0.000788,0.152325,0.001725,0.000201815,8.53E-07,3.08E-08
0.781822,0.002754,1050,0.00085,0.152511,0.001863,0.000201962,8.37E-07,2.88E-08
0.7898,0,1075,0,0.15,0,0.000199083,9.17E-07,1.64E-08
0.7898,0,1075,0,0.15,0,0.000199083,9.17E-07,1.64E-08
0.789518,8.10E-05,1075,3.00E-07,0.150009,0.000192,0.000199011,1.57E-06,9.14E-08
0.788953,0.000243,1075,9.00E-07,0.150027,0.000576,0.000200674,1.34E-06,7.70E-08
0.788388,0.000405,1075,1.50E-06,0.150045,0.00096,0.00020172,1.20E-06,6.34E-08
0.787824,0.000567,1075,2.10E-06,0.150063,0.00134,0.000202436,1.10E-06,5.39E-08
0.787259,0.000729,1075,2.70E-06,0.150081,0.00173,0.000203001,1.03E-06,4.68E-08
0.789504,0.000102,1075,3.15E-05,0.150093,6.90E-05,0.000198876,1.37E-06,6.63E-08
0.786695,0.000891,1075,3.30E-06,0.150099,0.00211,0.000203451,9.81E-07,4.15E-08
0.78613,0.00105,1075,3.90E-06,0.150117,0.0025,0.000203856,9.39E-07,3.74E-08
0.785566,0.00122,1075,4.50E-06,0.150135,0.00288,0.000204192,9.04E-07,3.41E-08
0.785001,0.00138,1075,5.10E-06,0.150153,0.00326,0.000204513,8.76E-07,3.17E-08
0.784436,0.00154,1075,5.70E-06,0.150171,0.00365,0.000204823,8.52E-07,2.98E-08
0.783872,0.0017,1075,6.30E-06,0.150189,0.00403,0.000205107,8.30E-07,2.83E-08
0.783307,0.00186,1075,6.90E-06,0.150207,0.00442,0.00020539,8.11E-07,2.73E-08
0.782742,0.00203,1075,7.50E-06,0.150225,0.0048,0.000205646,7.93E-07,2.64E-08
0.782178,0.00219,1075,8.10E-06,0.150243,0.00518,0.000205906,7.78E-07,2.59E-08
0.788914,0.000306,1075,9.45E-05,0.150279,0.000207,0.000199744,1.17E-06,5.80E-08
0.788322,0.00051,1075,0.000158,0.150465,0.000345,0.000200293,1.06E-06,4.95E-08
0.787732,0.000714,1075,0.00022,0.150651,0.000483,0.000200678,9.88E-07,4.34E-08
0.78714,0.000918,1075,0.000284,0.150837,0.000621,0.000200979,9.40E-07,3.86E-08
0.78655,0.001122,1075,0.000346,0.151023,0.000759,0.000201231,9.05E-07,3.49E-08
0.785958,0.001326,1075,0.00041,0.151209,0.000897,0.000201452,8.77E-07,3.20E-08
0.785368,0.00153,1075,0.000472,0.151395,0.001035,0.000201652,8.54E-07,2.98E-08
0.784776,0.001734,1075,0.000536,0.151581,0.001173,0.000201838,8.34E-07,2.80E-08
0.784186,0.001938,1075,0.000598,0.151767,0.001311,0.000202015,8.16E-07,2.67E-08
0.783594,0.002142,1075,0.000662,0.151953,0.001449,0.000202184,8.00E-07,2.57E-08
0.783004,0.002346,1075,0.000724,0.152139,0.001587,0.000202348,7.86E-07,2.50E-08
0.782412,0.00255,1075,0.000788,0.152325,0.001725,0.000202508,7.72E-07,2.45E-08
0.781822,0.002754,1075,0.00085,0.152511,0.001863,0.000202666,7.59E-07,2.41E-08
0.7898,0,1100,0,0.15,0,0.000199165,8.37E-07,1.97E-08
0.7898,0,1100,0,0.15,0,0.000199165,8.37E-07,1.97E-08
0.789518,8.10E-05,1100,3.00E-07,0.150009,0.000192,0.000199451,1.31E-06,6.88E-08
0.788953,0.000243,1100,9.00E-07,0.150027,0.000576,0.000201399,1.11E-06,5.16E-08
0.788388,0.000405,1100,1.50E-06,0.150045,0.00096,0.000202574,9.97E-07,4.22E-08
0.787824,0.000567,1100,2.10E-06,0.150063,0.00134,0.000203365,9.31E-07,3.66E-08
0.787259,0.000729,1100,2.70E-06,0.150081,0.00173,0.000203985,8.84E-07,3.31E-08
0.789504,0.000102,1100,3.15E-05,0.150093,6.90E-05,0.000199226,1.14E-06,5.01E-08
0.786695,0.000891,1100,3.30E-06,0.150099,0.00211,0.000204475,8.50E-07,3.07E-08
0.78613,0.00105,1100,3.90E-06,0.150117,0.0025,0.000204915,8.23E-07,2.91E-08
0.785566,0.00122,1100,4.50E-06,0.150135,0.00288,0.00020528,7.99E-07,2.80E-08
0.785001,0.00138,1100,5.10E-06,0.150153,0.00326,0.000205628,7.80E-07,2.73E-08
0.784436,0.00154,1100,5.70E-06,0.150171,0.00365,0.000205965,7.63E-07,2.68E-08
0.783872,0.0017,1100,6.30E-06,0.150189,0.00403,0.000206274,7.48E-07,2.66E-08
0.783307,0.00186,1100,6.90E-06,0.150207,0.00442,0.000206582,7.34E-07,2.65E-08
0.782742,0.00203,1100,7.50E-06,0.150225,0.0048,0.000206861,7.21E-07,2.65E-08
0.782178,0.00219,1100,8.10E-06,0.150243,0.00518,0.000207145,7.09E-07,2.66E-08
0.788914,0.000306,1100,9.45E-05,0.150279,0.000207,0.000200238,9.74E-07,3.93E-08
0.788322,0.00051,1100,0.000158,0.150465,0.000345,0.000200851,8.99E-07,3.35E-08
0.787732,0.000714,1100,0.00022,0.150651,0.000483,0.000201276,8.56E-07,3.03E-08
0.78714,0.000918,1100,0.000284,0.150837,0.000621,0.000201607,8.25E-07,2.82E-08
0.78655,0.001122,1100,0.000346,0.151023,0.000759,0.000201882,8.03E-07,2.69E-08
0.785958,0.001326,1100,0.00041,0.151209,0.000897,0.000202124,7.84E-07,2.60E-08
0.785368,0.00153,1100,0.000472,0.151395,0.001035,0.000202344,7.68E-07,2.54E-08
0.784776,0.001734,1100,0.000536,0.151581,0.001173,0.000202547,7.54E-07,2.51E-08
0.784186,0.001938,1100,0.000598,0.151767,0.001311,0.000202741,7.41E-07,2.49E-08
0.783594,0.002142,1100,0.000662,0.151953,0.001449,0.000202926,7.29E-07,2.49E-08
0.783004,0.002346,1100,0.000724,0.152139,0.001587,0.000203105,7.17E-07,2.50E-08
0.782412,0.00255,1100,0.000788,0.152325,0.001725,0.00020328,7.06E-07,2.52E-08
0.781822,0.002754,1100,0.00085,0.152511,0.001863,0.000203452,6.95E-07,2.53E-08
0.7898,0,1125,0,0.15,0,0.00019924,7.65E-07,2.27E-08
0.7898,0,1125,0,0.15,0,0.00019924,7.65E-07,2.27E-08
0.789518,8.10E-05,1125,3.00E-07,0.150009,0.000192,0.000199876,1.09E-06,5.56E-08
0.788953,0.000243,1125,9.00E-07,0.150027,0.000576,0.000202128,9.30E-07,4.07E-08
0.788388,0.000405,1125,1.50E-06,0.150045,0.00096,0.000203455,8.54E-07,3.46E-08
0.787824,0.000567,1125,2.10E-06,0.150063,0.00134,0.000204342,8.10E-07,3.16E-08
0.787259,0.000729,1125,2.70E-06,0.150081,0.00173,0.000205035,7.79E-07,2.99E-08
0.789504,0.000102,1125,3.15E-05,0.150093,6.90E-05,0.00019955,9.57E-07,4.16E-08
0.786695,0.000891,1125,3.30E-06,0.150099,0.00211,0.00020558,7.57E-07,2.89E-08
0.78613,0.00105,1125,3.90E-06,0.150117,0.0025,0.00020607,7.38E-07,2.84E-08
0.785566,0.00122,1125,4.50E-06,0.150135,0.00288,0.000206474,7.22E-07,2.81E-08
0.785001,0.00138,1125,5.10E-06,0.150153,0.00326,0.000206859,7.08E-07,2.81E-08
0.784436,0.00154,1125,5.70E-06,0.150171,0.00365,0.000207233,6.96E-07,2.81E-08
0.783872,0.0017,1125,6.30E-06,0.150189,0.00403,0.000207574,6.84E-07,2.83E-08
0.783307,0.00186,1125,6.90E-06,0.150207,0.00442,0.000207914,6.73E-07,2.85E-08
0.782742,0.00203,1125,7.50E-06,0.150225,0.0048,0.000208221,6.63E-07,2.88E-08
0.782178,0.00219,1125,8.10E-06,0.150243,0.00518,0.000208534,6.53E-07,2.91E-08
0.788914,0.000306,1125,9.45E-05,0.150279,0.000207,0.000200726,8.37E-07,3.25E-08
0.788322,0.00051,1125,0.000158,0.150465,0.000345,0.000201425,7.89E-07,2.91E-08
0.787732,0.000714,1125,0.00022,0.150651,0.000483,0.000201908,7.62E-07,2.76E-08
0.78714,0.000918,1125,0.000284,0.150837,0.000621,0.000202282,7.42E-07,2.69E-08
0.78655,0.001122,1125,0.000346,0.151023,0.000759,0.000202592,7.26E-07,2.66E-08
0.785958,0.001326,1125,0.00041,0.151209,0.000897,0.000202864,7.13E-07,2.65E-08
0.785368,0.00153,1125,0.000472,0.151395,0.001035,0.000203109,7.01E-07,2.65E-08
0.784776,0.001734,1125,0.000536,0.151581,0.001173,0.000203336,6.90E-07,2.67E-08
0.784186,0.001938,1125,0.000598,0.151767,0.001311,0.00020355,6.79E-07,2.69E-08
0.783594,0.002142,1125,0.000662,0.151953,0.001449,0.000203755,6.69E-07,2.72E-08
0.783004,0.002346,1125,0.000724,0.152139,0.001587,0.000203952,6.60E-07,2.74E-08
0.782412,0.00255,1125,0.000788,0.152325,0.001725,0.000204145,6.50E-07,2.78E-08
0.781822,0.002754,1125,0.00085,0.152511,0.001863,0.000204334,6.41E-07,2.81E-08
0.7898,0,1150,0,0.15,0,0.000199311,7.01E-07,2.57E-08
0.7898,0,1150,0,0.15,0,0.000199311,7.01E-07,2.57E-08
0.789518,8.10E-05,1150,3.00E-07,0.150009,0.000192,0.000200288,9.22E-07,4.87E-08
0.788953,0.000243,1150,9.00E-07,0.150027,0.000576,0.000202873,8.01E-07,3.71E-08
0.788388,0.000405,1150,1.50E-06,0.150045,0.00096,0.000204383,7.51E-07,3.31E-08
0.787824,0.000567,1150,2.10E-06,0.150063,0.00134,0.000205391,7.22E-07,3.14E-08
0.787259,0.000729,1150,2.70E-06,0.150081,0.00173,0.000206177,7.02E-07,3.06E-08
0.789504,0.000102,1150,3.15E-05,0.150093,6.90E-05,0.000199858,8.20E-07,3.81E-08
0.786695,0.000891,1150,3.30E-06,0.150099,0.00211,0.000206793,6.86E-07,3.03E-08
0.78613,0.00105,1150,3.90E-06,0.150117,0.0025,0.000207346,6.73E-07,3.02E-08
0.785566,0.00122,1150,4.50E-06,0.150135,0.00288,0.000207799,6.61E-07,3.03E-08
0.785001,0.00138,1150,5.10E-06,0.150153,0.00326,0.000208231,6.51E-07,3.05E-08
0.784436,0.00154,1150,5.70E-06,0.150171,0.00365,0.000208649,6.40E-07,3.08E-08
0.783872,0.0017,1150,6.30E-06,0.150189,0.00403,0.000209031,6.31E-07,3.11E-08
0.783307,0.00186,1150,6.90E-06,0.150207,0.00442,0.00020941,6.22E-07,3.15E-08
0.782742,0.00203,1150,7.50E-06,0.150225,0.0048,0.000209751,6.13E-07,3.19E-08
0.782178,0.00219,1150,8.10E-06,0.150243,0.00518,0.000210098,6.05E-07,3.23E-08
0.788914,0.000306,1150,9.45E-05,0.150279,0.000207,0.000201229,7.39E-07,3.14E-08
0.788322,0.00051,1150,0.000158,0.150465,0.000345,0.000202038,7.08E-07,2.95E-08
0.787732,0.000714,1150,0.00022,0.150651,0.000483,0.000202595,6.90E-07,2.89E-08
0.78714,0.000918,1150,0.000284,0.150837,0.000621,0.000203023,6.76E-07,2.87E-08
0.78655,0.001122,1150,0.000346,0.151023,0.000759,0.000203378,6.65E-07,2.88E-08
0.785958,0.001326,1150,0.00041,0.151209,0.000897,0.000203686,6.54E-07,2.90E-08
0.785368,0.00153,1150,0.000472,0.151395,0.001035,0.000203962,6.45E-07,2.92E-08
0.784776,0.001734,1150,0.000536,0.151581,0.001173,0.000204217,6.35E-07,2.95E-08
0.784186,0.001938,1150,0.000598,0.151767,0.001311,0.000204457,6.27E-07,2.99E-08
0.783594,0.002142,1150,0.000662,0.151953,0.001449,0.000204685,6.18E-07,3.02E-08
0.783004,0.002346,1150,0.000724,0.152139,0.001587,0.000204905,6.10E-07,3.06E-08
0.782412,0.00255,1150,0.000788,0.152325,0.001725,0.000205119,6.01E-07,3.10E-08
0.781822,0.002754,1150,0.00085,0.152511,0.001863,0.000205328,5.93E-07,3.14E-08
0.7898,0,1175,0,0.15,0,0.000199379,6.43E-07,2.90E-08
0.7898,0,1175,0,0.15,0,0.000199379,6.43E-07,2.90E-08
0.789518,8.10E-05,1175,3.00E-07,0.150009,0.000192,0.000200697,7.91E-07,4.55E-08
0.788953,0.000243,1175,9.00E-07,0.150027,0.000576,0.000203652,7.06E-07,3.67E-08
0.788388,0.000405,1175,1.50E-06,0.150045,0.00096,0.000205379,6.73E-07,3.42E-08
0.787824,0.000567,1175,2.10E-06,0.150063,0.00134,0.000206533,6.55E-07,3.32E-08
0.787259,0.000729,1175,2.70E-06,0.150081,0.00173,0.000207431,6.41E-07,3.29E-08
0.789504,0.000102,1175,3.15E-05,0.150093,6.90E-05,0.000200164,7.17E-07,3.74E-08
0.786695,0.000891,1175,3.30E-06,0.150099,0.00211,0.000208135,6.30E-07,3.29E-08
0.78613,0.00105,1175,3.90E-06,0.150117,0.0025,0.000208764,6.20E-07,3.31E-08
0.785566,0.00122,1175,4.50E-06,0.150135,0.00288,0.000209278,6.10E-07,3.34E-08
0.785001,0.00138,1175,5.10E-06,0.150153,0.00326,0.000209767,6.02E-07,3.37E-08
0.784436,0.00154,1175,5.70E-06,0.150171,0.00365,0.000210239,5.94E-07,3.41E-08
0.783872,0.0017,1175,6.30E-06,0.150189,0.00403,0.000210668,5.86E-07,3.45E-08
0.783307,0.00186,1175,6.90E-06,0.150207,0.00442,0.000211094,5.78E-07,3.49E-08
0.782742,0.00203,1175,7.50E-06,0.150225,0.0048,0.000211476,5.70E-07,3.54E-08
0.782178,0.00219,1175,8.10E-06,0.150243,0.00518,0.000211864,5.63E-07,3.58E-08
0.788914,0.000306,1175,9.45E-05,0.150279,0.000207,0.000201761,6.64E-07,3.27E-08
0.788322,0.00051,1175,0.000158,0.150465,0.000345,0.000202703,6.44E-07,3.17E-08
0.787732,0.000714,1175,0.00022,0.150651,0.000483,0.000203349,6.32E-07,3.15E-08
0.78714,0.000918,1175,0.000284,0.150837,0.000621,0.000203845,6.22E-07,3.16E-08
0.78655,0.001122,1175,0.000346,0.151023,0.000759,0.000204252,6.13E-07,3.19E-08
0.785958,0.001326,1175,0.00041,0.151209,0.000897,0.000204604,6.04E-07,3.22E-08
0.785368,0.00153,1175,0.000472,0.151395,0.001035,0.000204918,5.96E-07,3.25E-08
0.784776,0.001734,1175,0.000536,0.151581,0.001173,0.000205206,5.88E-07,3.29E-08
0.784186,0.001938,1175,0.000598,0.151767,0.001311,0.000205476,5.80E-07,3.33E-08
0.783594,0.002142,1175,0.000662,0.151953,0.001449,0.000205732,5.73E-07,3.37E-08
0.783004,0.002346,1175,0.000724,0.152139,0.001587,0.000205978,5.66E-07,3.41E-08
0.782412,0.00255,1175,0.000788,0.152325,0.001725,0.000206217,5.58E-07,3.46E-08
0.781822,0.002754,1175,0.00085,0.152511,0.001863,0.00020645,5.51E-07,3.50E-08
0.7898,0,1200,0,0.15,0,0.000199449,5.93E-07,3.25E-08
0.7898,0,1200,0,0.15,0,0.000199449,5.93E-07,3.25E-08
0.789518,8.10E-05,1200,3.00E-07,0.150009,0.000192,0.000201115,6.90E-07,4.45E-08
0.788953,0.000243,1200,9.00E-07,0.150027,0.000576,0.00020448,6.34E-07,3.81E-08
0.788388,0.000405,1200,1.50E-06,0.150045,0.00096,0.00020646,6.13E-07,3.65E-08
0.787824,0.000567,1200,2.10E-06,0.150063,0.00134,0.000207787,6.01E-07,3.60E-08
0.787259,0.000729,1200,2.70E-06,0.150081,0.00173,0.00020882,5.91E-07,3.60E-08
0.789504,0.000102,1200,3.15E-05,0.150093,6.90E-05,0.000200481,6.39E-07,3.85E-08
0.786695,0.000891,1200,3.30E-06,0.150099,0.00211,0.000209628,5.82E-07,3.62E-08
0.78613,0.00105,1200,3.90E-06,0.150117,0.0025,0.000210348,5.75E-07,3.65E-08
0.785566,0.00122,1200,4.50E-06,0.150135,0.00288,0.000210936,5.67E-07,3.69E-08
0.785001,0.00138,1200,5.10E-06,0.150153,0.00326,0.000211492,5.60E-07,3.73E-08
0.784436,0.00154,1200,5.70E-06,0.150171,0.00365,0.000212027,5.53E-07,3.78E-08
0.783872,0.0017,1200,6.30E-06,0.150189,0.00403,0.000212513,5.46E-07,3.82E-08
0.783307,0.00186,1200,6.90E-06,0.150207,0.00442,0.000212995,5.39E-07,3.87E-08
0.782742,0.00203,1200,7.50E-06,0.150225,0.0048,0.000213426,5.33E-07,3.92E-08
0.782178,0.00219,1200,8.10E-06,0.150243,0.00518,0.000213864,5.27E-07,3.97E-08
0.788914,0.000306,1200,9.45E-05,0.150279,0.000207,0.000202338,6.05E-07,3.53E-08
0.788322,0.00051,1200,0.000158,0.150465,0.000345,0.000203434,5.92E-07,3.47E-08
0.787732,0.000714,1200,0.00022,0.150651,0.000483,0.000204186,5.83E-07,3.48E-08
0.78714,0.000918,1200,0.000284,0.150837,0.000621,0.00020476,5.75E-07,3.50E-08
0.78655,0.001122,1200,0.000346,0.151023,0.000759,0.000205229,5.68E-07,3.54E-08
0.785958,0.001326,1200,0.00041,0.151209,0.000897,0.000205633,5.60E-07,3.58E-08
0.785368,0.00153,1200,0.000472,0.151395,0.001035,0.000205992,5.53E-07,3.62E-08
0.784776,0.001734,1200,0.000536,0.151581,0.001173,0.00020632,5.46E-07,3.66E-08
0.784186,0.001938,1200,0.000598,0.151767,0.001311,0.000206626,5.40E-07,3.71E-08
0.783594,0.002142,1200,0.000662,0.151953,0.001449,0.000206915,5.33E-07,3.75E-08
0.783004,0.002346,1200,0.000724,0.152139,0.001587,0.000207192,5.27E-07,3.80E-08
0.782412,0.00255,1200,0.000788,0.152325,0.001725,0.000207461,5.20E-07,3.85E-08
0.781822,0.002754,1200,0.00085,0.152511,0.001863,0.000207722,5.14E-07,3.89E-08
0.7898,0,1225,0,0.15,0,0.000199529,5.47E-07,3.62E-08
0.7898,0,1225,0,0.15,0,0.000199529,5.47E-07,3.62E-08
0.789518,8.10E-05,1225,3.00E-07,0.150009,0.000192,0.000201556,6.13E-07,4.53E-08
0.788953,0.000243,1225,9.00E-07,0.150027,0.000576,0.000205375,5.77E-07,4.06E-08
0.788388,0.000405,1225,1.50E-06,0.150045,0.00096,0.000207646,5.64E-07,3.96E-08
0.787824,0.000567,1225,2.10E-06,0.150063,0.00134,0.000209174,5.56E-07,3.94E-08
0.787259,0.000729,1225,2.70E-06,0.150081,0.00173,0.000210366,5.49E-07,3.96E-08
0.789504,0.000102,1225,3.15E-05,0.150093,6.90E-05,0.000200826,5.78E-07,4.07E-08
0.786695,0.000891,1225,3.30E-06,0.150099,0.00211,0.000211297,5.42E-07,4.00E-08
0.78613,0.00105,1225,3.90E-06,0.150117,0.0025,0.000212125,5.36E-07,4.04E-08
0.785566,0.00122,1225,4.50E-06,0.150135,0.00288,0.0002128,5.29E-07,4.08E-08
0.785001,0.00138,1225,5.10E-06,0.150153,0.00326,0.000213437,5.23E-07,4.13E-08
0.784436,0.00154,1225,5.70E-06,0.150171,0.00365,0.000214048,5.17E-07,4.18E-08
0.783872,0.0017,1225,6.30E-06,0.150189,0.00403,0.000214602,5.11E-07,4.23E-08
0.783307,0.00186,1225,6.90E-06,0.150207,0.00442,0.000215151,5.06E-07,4.29E-08
0.782742,0.00203,1225,7.50E-06,0.150225,0.0048,0.00021564,5.00E-07,4.34E-08
0.782178,0.00219,1225,8.10E-06,0.150243,0.00518,0.000216137,4.94E-07,4.39E-08
0.788914,0.000306,1225,9.45E-05,0.150279,0.000207,0.000202973,5.56E-07,3.85E-08
0.788322,0.00051,1225,0.000158,0.150465,0.000345,0.000204246,5.47E-07,3.83E-08
0.787732,0.000714,1225,0.00022,0.150651,0.000483,0.00020512,5.41E-07,3.85E-08
0.78714,0.000918,1225,0.000284,0.150837,0.000621,0.000205785,5.34E-07,3.89E-08
0.78655,0.001122,1225,0.000346,0.151023,0.000759,0.000206328,5.28E-07,3.93E-08
0.785958,0.001326,1225,0.00041,0.151209,0.000897,0.000206793,5.22E-07,3.97E-08
0.785368,0.00153,1225,0.000472,0.151395,0.001035,0.000207205,5.16E-07,4.02E-08
0.784776,0.001734,1225,0.000536,0.151581,0.001173,0.000207581,5.10E-07,4.07E-08
0.784186,0.001938,1225,0.000598,0.151767,0.001311,0.00020793,5.04E-07,4.11E-08
0.783594,0.002142,1225,0.000662,0.151953,0.001449,0.000208259,4.98E-07,4.16E-08
0.783004,0.002346,1225,0.000724,0.152139,0.001587,0.000208574,4.92E-07,4.21E-08
0.782412,0.00255,1225,0.000788,0.152325,0.001725,0.000208879,4.86E-07,4.26E-08
0.781822,0.002754,1225,0.00085,0.152511,0.001863,0.000209176,4.81E-07,4.31E-08
0.7898,0,1250,0,0.15,0,0.000199628,5.06E-07,4.02E-08
0.7898,0,1250,0,0.15,0,0.000199628,5.06E-07,4.02E-08
0.789518,8.10E-05,1250,3.00E-07,0.150009,0.000192,0.000202041,5.52E-07,4.72E-08
0.788953,0.000243,1250,9.00E-07,0.150027,0.000576,0.00020636,5.31E-07,4.39E-08
0.788388,0.000405,1250,1.50E-06,0.150045,0.00096,0.000208961,5.23E-07,4.33E-08
0.787824,0.000567,1250,2.10E-06,0.150063,0.00134,0.000210722,5.17E-07,4.34E-08
0.787259,0.000729,1250,2.70E-06,0.150081,0.00173,0.000212098,5.12E-07,4.37E-08
0.789504,0.000102,1250,3.15E-05,0.150093,6.90E-05,0.000201214,5.28E-07,4.37E-08
0.786695,0.000891,1250,3.30E-06,0.150099,0.00211,0.000213174,5.07E-07,4.41E-08
0.78613,0.00105,1250,3.90E-06,0.150117,0.0025,0.000214129,5.01E-07,4.46E-08
0.785566,0.00122,1250,4.50E-06,0.150135,0.00288,0.000214908,4.96E-07,4.51E-08
0.785001,0.00138,1250,5.10E-06,0.150153,0.00326,0.000215641,4.91E-07,4.56E-08
0.784436,0.00154,1250,5.70E-06,0.150171,0.00365,0.000216343,4.86E-07,4.62E-08
0.783872,0.0017,1250,6.30E-06,0.150189,0.00403,0.000216979,4.81E-07,4.67E-08
0.783307,0.00186,1250,6.90E-06,0.150207,0.00442,0.000217607,4.76E-07,4.73E-08
0.782742,0.00203,1250,7.50E-06,0.150225,0.0048,0.000218168,4.71E-07,4.79E-08
0.782178,0.00219,1250,8.10E-06,0.150243,0.00518,0.000218736,4.66E-07,4.85E-08
0.788914,0.000306,1250,9.45E-05,0.150279,0.000207,0.000203686,5.15E-07,4.23E-08
0.788322,0.00051,1250,0.000158,0.150465,0.000345,0.000205159,5.09E-07,4.23E-08
0.787732,0.000714,1250,0.00022,0.150651,0.000483,0.000206172,5.03E-07,4.26E-08
0.78714,0.000918,1250,0.000284,0.150837,0.000621,0.000206945,4.98E-07,4.30E-08
0.78655,0.001122,1250,0.000346,0.151023,0.000759,0.000207575,4.93E-07,4.35E-08
0.785958,0.001326,1250,0.00041,0.151209,0.000897,0.000208112,4.87E-07,4.40E-08
0.785368,0.00153,1250,0.000472,0.151395,0.001035,0.000208588,4.82E-07,4.45E-08
0.784776,0.001734,1250,0.000536,0.151581,0.001173,0.000209021,4.77E-07,4.50E-08
0.784186,0.001938,1250,0.000598,0.151767,0.001311,0.000209422,4.72E-07,4.55E-08
0.783594,0.002142,1250,0.000662,0.151953,0.001449,0.000209801,4.66E-07,4.60E-08
0.783004,0.002346,1250,0.000724,0.152139,0.001587,0.000210162,4.61E-07,4.66E-08
0.782412,0.00255,1250,0.000788,0.152325,0.001725,0.000210512,4.56E-07,4.71E-08
0.781822,0.002754,1250,0.00085,0.152511,0.001863,0.000210852,4.51E-07,4.76E-08
