Distance_(cm), Plug_flow_residence_time_(sec), Internal_surface_area_per_unit_distance_(cm), Cross-section_area_(cm2), External_surface_area_per_unit_distance_(cm), Velocity_(cm/sec), Exit_mass_flow_rate_(g/sec), Net_heat_production_from_gas-phase_reactions_(erg/cm3-sec), Surface_temperature_(K), Temperature_(K), Pressure_(dyne/cm2), Mole_fraction_NH3_(), Mole_fraction_NO_(), Mole_fraction_O2_(), Mole_fraction_N2_(), Mole_fraction_H2O_(), Mole_fraction_CO2_(), Mole_fraction_CH4_(), Mole_fraction_H2_(), Molecular_weight_(g/mole), Mass_density_(g/cm3), Mixture_enthalpy_(erg/g), Sensible_enthalpy_(erg/g), Unburned_hydrocarbons_(ppmvd), Volatile_organic_compounds_(ppmvd), Total_CO_production_rate_(g/sec), Total_NOx_production_rate_(g/sec), Molar_CO_production_rate_(mole/cm3-sec), Molar_NOx_production_rate_(mole/cm3-sec), Ppmvd_CO_(ppm), Ppmvd_NO_(ppm), Ppmvd_NOx_(ppm), Ppmvd15%O2_CO_(ppm), Ppmvd15%O2_NO_(ppm), Ppmvd15%O2_NOx_(ppm), Molar_conversion_NH3_(percent), Molar_conversion_NO_(percent), Molar_conversion_O2_(percent), Molar_conversion_N2_(percent), Molar_conversion_CO2_(percent), Net_rxn_rate_NH3+NO+0.25O2=>N2+1.5H2O_GasRxn#1_(mole/cm3-sec), Forward_rxn_rate_NH3+NO+0.25O2=>N2+1.5H2O_GasRxn#1_(mole/cm3-sec), Net_rxn_rate_NH3+1.25O2=>NO+1.5H2O_GasRxn#2_(mole/cm3-sec), Forward_rxn_rate_NH3+1.25O2=>NO+1.5H2O_GasRxn#2_(mole/cm3-sec), Hdot_NH3+NO+0.25O2=>N2+1.5H2O_GasRxn#1_(erg/cm3-sec), Hdot_NH3+1.25O2=>NO+1.5H2O_GasRxn#2_(erg/cm3-sec)
0.000000e+000, 0.000000e+000, 1.005310e+001, 8.042477e+000, 1.005310e+001, 7.500000e+001, 1.408085e-001, 5.427051e+010, 1.600000e+003, 1.600000e+003, 1.013250e+006, 3.000000e-004, 2.000000e-004, 6.000000e-002, 7.895000e-001, 0.000000e+000, 1.500000e-001, 0.000000e+000, 0.000000e+000, 3.064911e+001, 2.334414e-004, -4.284445e+009, 1.497470e+010, 0.000000e+000, 0.000000e+000, 0.000000e+000, 0.000000e+000, 0.000000e+000, 9.763226e-003, 0.000000e+000, 2.000000e+002, 2.000000e+002, 0.000000e+000, 8.000000e+001, 8.000000e+001, 0.000000e+000, 0.000000e+000, 0.000000e+000, 0.000000e+000, 0.000000e+000, 4.978638e-003, 4.978638e-003, 1.474186e-002, 1.474186e-002, 2.044040e+010, 3.383011e+010
3.471506e-007, 4.628546e-009, 1.005310e+001, 8.042477e+000, 1.005310e+001, 7.500416e+001, 1.408085e-001, 5.281028e+010, 1.600084e+003, 1.600084e+003, 1.013250e+006, 2.881967e-004, 2.057791e-004, 5.998808e-002, 7.895007e-001, 1.770361e-005, 1.499996e-001, 5.788994e-026, -5.670699e-026, 3.064902e+001, 2.334284e-004, -4.284445e+009, 1.497575e+010, 5.789097e-020, 5.789097e-020, 0.000000e+000, 0.000000e+000, 0.000000e+000, 9.262636e-003, 0.000000e+000, 2.057828e+002, 2.057828e+002, 0.000000e+000, 8.230715e+001, 8.230715e+001, 3.934146e+000, -2.889866e+000, 1.956951e-002, -3.814052e-004, 2.022227e-008, 4.929961e-003, 4.929961e-003, 1.419260e-002, 1.419260e-002, 2.024058e+010, 3.256971e+010
7.844381e-006, 1.045388e-007, 1.005310e+001, 8.042477e+000, 1.005310e+001, 7.506714e+001, 1.408085e-001, 2.430090e+010, 1.601358e+003, 1.601358e+003, 1.013250e+006, 1.131782e-004, 2.789758e-004, 5.981760e-002, 7.895170e-001, 2.802117e-004, 1.499930e-001, 5.040515e-025, -1.541030e-024, 3.064768e+001, 2.332326e-004, -4.284445e+009, 1.499169e+010, 5.041928e-019, 5.041928e-019, 0.000000e+000, 0.000000e+000, 0.000000e+000, 3.062512e-003, 0.000000e+000, 2.790539e+002, 2.790539e+002, 0.000000e+000, 1.114985e+002, 1.114985e+002, 6.227217e+001, -3.949439e+001, 2.993447e-001, -6.828842e-003, 2.027792e-008, 2.698599e-003, 2.698599e-003, 5.761111e-003, 5.761111e-003, 1.107965e+010, 1.322125e+010
2.306365e-005, 3.072163e-007, 1.005310e+001, 8.042477e+000, 1.005310e+001, 7.510360e+001, 1.408085e-001, 3.302528e+009, 1.602096e+003, 1.602096e+003, 1.013250e+006, 1.433074e-005, 3.122632e-004, 5.972534e-002, 7.895303e-001, 4.284718e-004, 1.499893e-001, 3.954814e-025, 4.629274e-024, 3.064692e+001, 2.331194e-004, -4.284445e+009, 1.500093e+010, 3.956509e-019, 3.956509e-019, 0.000000e+000, 0.000000e+000, 0.000000e+000, 3.550059e-004, 0.000000e+000, 3.123971e+002, 3.123971e+002, 0.000000e+000, 1.247517e+002, 1.247517e+002, 9.522274e+001, -5.614275e+001, 4.506566e-001, -1.098052e-002, 2.013327e-008, 3.886766e-004, 3.886766e-004, 7.436825e-004, 7.436825e-004, 1.595808e+009, 1.706720e+009
4.601671e-005, 6.128199e-007, 1.005310e+001, 8.042477e+000, 1.005310e+001, 7.510871e+001, 1.408085e-001, 1.370115e+008, 1.602199e+003, 1.602199e+003, 1.013250e+006, 5.891694e-007, 3.165294e-004, 5.971270e-002, 7.895323e-001, 4.490826e-004, 1.499888e-001, 5.168765e-025, -2.572806e-024, 3.064682e+001, 2.331035e-004, -4.284445e+009, 1.500222e+010, 5.171087e-019, 5.171087e-019, 0.000000e+000, 0.000000e+000, 0.000000e+000, 1.442309e-005, 0.000000e+000, 3.166717e+002, 3.166717e+002, 0.000000e+000, 1.264491e+002, 1.264491e+002, 9.980360e+001, -5.827657e+001, 4.713911e-001, -1.158058e-002, 2.009084e-008, 1.623428e-005, 1.623428e-005, 3.065737e-005, 3.065737e-005, 6.665394e+007, 7.035754e+007
1.070174e-004, 1.424983e-006, 1.005310e+001, 8.042477e+000, 1.005310e+001, 7.510893e+001, 1.408085e-001, 2.657801e+004, 1.602204e+003, 1.602204e+003, 1.013250e+006, 1.142453e-010, 3.167105e-004, 5.971215e-002, 7.895324e-001, 4.499661e-004, 1.499888e-001, 5.169206e-025, -3.732355e-024, 3.064681e+001, 2.331028e-004, -4.284445e+009, 1.500228e+010, 5.171534e-019, 5.171534e-019, 0.000000e+000, 0.000000e+000, 0.000000e+000, 2.795354e-009, 0.000000e+000, 3.168531e+002, 3.168531e+002, 0.000000e+000, 1.265211e+002, 1.265211e+002, 9.999996e+001, -5.836713e+001, 4.722784e-001, -1.160642e-002, 2.008711e-008, 3.150080e-009, 3.150080e-009, 5.945434e-009, 5.945434e-009, 1.293345e+004, 1.364456e+004
2.963488e-001, 3.945587e-003, 1.005310e+001, 8.042477e+000, 1.005310e+001, 7.510894e+001, 1.408085e-001, 0.000000e+000, 1.602204e+003, 1.602204e+003, 1.013250e+006, -3.071542e-008, 3.167200e-004, 5.971213e-002, 7.895324e-001, 4.500123e-004, 1.499887e-001, 5.169178e-025, -3.270333e-024, 3.064681e+001, 2.331028e-004, -4.284445e+009, 1.500228e+010, 5.171505e-019, 5.171505e-019, 0.000000e+000, 0.000000e+000, 0.000000e+000, 0.000000e+000, 0.000000e+000, 3.168626e+002, 3.168626e+002, 0.000000e+000, 1.265249e+002, 1.265249e+002, 1.000102e+002, -5.837187e+001, 4.723249e-001, -1.160777e-002, 2.008695e-008, 0.000000e+000, 0.000000e+000, 0.000000e+000, 0.000000e+000, -0.000000e+000, -0.000000e+000
7.463488e-001, 9.936884e-003, 1.005310e+001, 8.042477e+000, 1.005310e+001, 7.510896e+001, 1.408085e-001, 0.000000e+000, 1.602204e+003, 1.602204e+003, 1.013250e+006, -7.728859e-008, 3.167343e-004, 5.971208e-002, 7.895324e-001, 4.500822e-004, 1.499887e-001, 5.169178e-025, -3.268811e-024, 3.064681e+001, 2.331027e-004, -4.284445e+009, 1.500228e+010, 5.171506e-019, 5.171506e-019, 0.000000e+000, 0.000000e+000, 0.000000e+000, 0.000000e+000, 0.000000e+000, 3.168769e+002, 3.168769e+002, 0.000000e+000, 1.265306e+002, 1.265306e+002, 1.000258e+002, -5.837902e+001, 4.723950e-001, -1.160981e-002, 2.008693e-008, 0.000000e+000, 0.000000e+000, 0.000000e+000, 0.000000e+000, -0.000000e+000, -0.000000e+000
1.196349e+000, 1.592818e-002, 1.005310e+001, 8.042477e+000, 1.005310e+001, 7.510897e+001, 1.408085e-001, 0.000000e+000, 1.602205e+003, 1.602205e+003, 1.013250e+006, -1.238493e-007, 3.167486e-004, 5.971204e-002, 7.895324e-001, 4.501520e-004, 1.499887e-001, 5.169178e-025, -3.268421e-024, 3.064681e+001, 2.331027e-004, -4.284445e+009, 1.500229e+010, 5.171506e-019, 5.171506e-019, 0.000000e+000, 0.000000e+000, 0.000000e+000, 0.000000e+000, 0.000000e+000, 3.168912e+002, 3.168912e+002, 0.000000e+000, 1.265363e+002, 1.265363e+002, 1.000413e+002, -5.838618e+001, 4.724651e-001, -1.161185e-002, 2.008688e-008, 0.000000e+000, 0.000000e+000, 0.000000e+000, 0.000000e+000, -0.000000e+000, -0.000000e+000
1.646349e+000, 2.191947e-002, 1.005310e+001, 8.042477e+000, 1.005310e+001, 7.510899e+001, 1.408085e-001, 0.000000e+000, 1.602205e+003, 1.602205e+003, 1.013250e+006, -1.703950e-007, 3.167629e-004, 5.971200e-002, 7.895324e-001, 4.502218e-004, 1.499887e-001, 5.169178e-025, -3.268108e-024, 3.064681e+001, 2.331026e-004, -4.284445e+009, 1.500229e+010, 5.171506e-019, 5.171506e-019, 0.000000e+000, 0.000000e+000, 0.000000e+000, 0.000000e+000, 0.000000e+000, 3.169056e+002, 3.169056e+002, 0.000000e+000, 1.265420e+002, 1.265420e+002, 1.000568e+002, -5.839333e+001, 4.725352e-001, -1.161390e-002, 2.008694e-008, 0.000000e+000, 0.000000e+000, 0.000000e+000, 0.000000e+000, -0.000000e+000, -0.000000e+000
2.096349e+000, 2.791077e-002, 1.005310e+001, 8.042477e+000, 1.005310e+001, 7.510901e+001, 1.408085e-001, 0.000000e+000, 1.602205e+003, 1.602205e+003, 1.013250e+006, -2.169251e-007, 3.167772e-004, 5.971196e-002, 7.895325e-001, 4.502916e-004, 1.499887e-001, 5.169178e-025, -3.267168e-024, 3.064681e+001, 2.331026e-004, -4.284445e+009, 1.500230e+010, 5.171507e-019, 5.171507e-019, 0.000000e+000, 0.000000e+000, 0.000000e+000, 0.000000e+000, 0.000000e+000, 3.169199e+002, 3.169199e+002, 0.000000e+000, 1.265476e+002, 1.265476e+002, 1.000723e+002, -5.840048e+001, 4.726053e-001, -1.161594e-002, 2.008694e-008, 0.000000e+000, 0.000000e+000, 0.000000e+000, 0.000000e+000, -0.000000e+000, -0.000000e+000
2.546349e+000, 3.390206e-002, 1.005310e+001, 8.042477e+000, 1.005310e+001, 7.510903e+001, 1.408085e-001, 0.000000e+000, 1.602206e+003, 1.602206e+003, 1.013250e+006, -2.634394e-007, 3.167915e-004, 5.971191e-002, 7.895325e-001, 4.503614e-004, 1.499887e-001, 5.169178e-025, -3.265941e-024, 3.064681e+001, 2.331025e-004, -4.284445e+009, 1.500230e+010, 5.171507e-019, 5.171507e-019, 0.000000e+000, 0.000000e+000, 0.000000e+000, 0.000000e+000, 0.000000e+000, 3.169342e+002, 3.169342e+002, 0.000000e+000, 1.265533e+002, 1.265533e+002, 1.000878e+002, -5.840762e+001, 4.726754e-001, -1.161798e-002, 2.008688e-008, 0.000000e+000, 0.000000e+000, 0.000000e+000, 0.000000e+000, -0.000000e+000, -0.000000e+000
2.996349e+000, 3.989335e-002, 1.005310e+001, 8.042477e+000, 1.005310e+001, 7.510904e+001, 1.408085e-001, 0.000000e+000, 1.602206e+003, 1.602206e+003, 1.013250e+006, -3.099378e-007, 3.168058e-004, 5.971187e-002, 7.895325e-001, 4.504311e-004, 1.499887e-001, 5.169178e-025, -3.265447e-024, 3.064681e+001, 2.331025e-004, -4.284445e+009, 1.500231e+010, 5.171507e-019, 5.171507e-019, 0.000000e+000, 0.000000e+000, 0.000000e+000, 0.000000e+000, 0.000000e+000, 3.169485e+002, 3.169485e+002, 0.000000e+000, 1.265590e+002, 1.265590e+002, 1.001033e+002, -5.841477e+001, 4.727454e-001, -1.162002e-002, 2.008689e-008, 0.000000e+000, 0.000000e+000, 0.000000e+000, 0.000000e+000, -0.000000e+000, -0.000000e+000
3.446349e+000, 4.588464e-002, 1.005310e+001, 8.042477e+000, 1.005310e+001, 7.510906e+001, 1.408085e-001, 0.000000e+000, 1.602206e+003, 1.602206e+003, 1.013250e+006, -3.564203e-007, 3.168200e-004, 5.971183e-002, 7.895325e-001, 4.505008e-004, 1.499887e-001, 5.169178e-025, -3.265438e-024, 3.064681e+001, 2.331024e-004, -4.284445e+009, 1.500231e+010, 5.171508e-019, 5.171508e-019, 0.000000e+000, 0.000000e+000, 0.000000e+000, 0.000000e+000, 0.000000e+000, 3.169628e+002, 3.169628e+002, 0.000000e+000, 1.265647e+002, 1.265647e+002, 1.001188e+002, -5.842191e+001, 4.728154e-001, -1.162206e-002, 2.008689e-008, 0.000000e+000, 0.000000e+000, 0.000000e+000, 0.000000e+000, -0.000000e+000, -0.000000e+000
3.896349e+000, 5.187592e-002, 1.005310e+001, 8.042477e+000, 1.005310e+001, 7.510908e+001, 1.408085e-001, 0.000000e+000, 1.602207e+003, 1.602207e+003, 1.013250e+006, -4.028868e-007, 3.168343e-004, 5.971178e-002, 7.895325e-001, 4.505705e-004, 1.499887e-001, 5.169178e-025, -3.265310e-024, 3.064681e+001, 2.331024e-004, -4.284445e+009, 1.500232e+010, 5.171508e-019, 5.171508e-019, 0.000000e+000, 0.000000e+000, 0.000000e+000, 0.000000e+000, 0.000000e+000, 3.169771e+002, 3.169771e+002, 0.000000e+000, 1.265704e+002, 1.265704e+002, 1.001343e+002, -5.842905e+001, 4.728854e-001, -1.162410e-002, 2.008688e-008, 0.000000e+000, 0.000000e+000, 0.000000e+000, 0.000000e+000, -0.000000e+000, -0.000000e+000
4.346349e+000, 5.786721e-002, 1.005310e+001, 8.042477e+000, 1.005310e+001, 7.510909e+001, 1.408085e-001, 0.000000e+000, 1.602207e+003, 1.602207e+003, 1.013250e+006, -4.493373e-007, 3.168486e-004, 5.971174e-002, 7.895325e-001, 4.506402e-004, 1.499887e-001, 5.169178e-025, -3.265067e-024, 3.064681e+001, 2.331023e-004, -4.284445e+009, 1.500232e+010, 5.171508e-019, 5.171508e-019, 0.000000e+000, 0.000000e+000, 0.000000e+000, 0.000000e+000, 0.000000e+000, 3.169914e+002, 3.169914e+002, 0.000000e+000, 1.265760e+002, 1.265760e+002, 1.001498e+002, -5.843618e+001, 4.729554e-001, -1.162614e-002, 2.008688e-008, 0.000000e+000, 0.000000e+000, 0.000000e+000, 0.000000e+000, -0.000000e+000, -0.000000e+000
4.796349e+000, 6.385849e-002, 1.005310e+001, 8.042477e+000, 1.005310e+001, 7.510911e+001, 1.408085e-001, 0.000000e+000, 1.602207e+003, 1.602207e+003, 1.013250e+006, -4.957718e-007, 3.168628e-004, 5.971170e-002, 7.895325e-001, 4.507099e-004, 1.499887e-001, 5.169178e-025, -3.264841e-024, 3.064681e+001, 2.331023e-004, -4.284445e+009, 1.500232e+010, 5.171508e-019, 5.171508e-019, 0.000000e+000, 0.000000e+000, 0.000000e+000, 0.000000e+000, 0.000000e+000, 3.170057e+002, 3.170057e+002, 0.000000e+000, 1.265817e+002, 1.265817e+002, 1.001653e+002, -5.844331e+001, 4.730253e-001, -1.162817e-002, 2.008689e-008, 0.000000e+000, 0.000000e+000, 0.000000e+000, 0.000000e+000, -0.000000e+000, -0.000000e+000
5.246349e+000, 6.984978e-002, 1.005310e+001, 8.042477e+000, 1.005310e+001, 7.510913e+001, 1.408085e-001, 0.000000e+000, 1.602208e+003, 1.602208e+003, 1.013250e+006, -5.421904e-007, 3.168771e-004, 5.971166e-002, 7.895325e-001, 4.507795e-004, 1.499887e-001, 5.169177e-025, -3.264632e-024, 3.064681e+001, 2.331022e-004, -4.284445e+009, 1.500233e+010, 5.171509e-019, 5.171509e-019, 0.000000e+000, 0.000000e+000, 0.000000e+000, 0.000000e+000, 0.000000e+000, 3.170200e+002, 3.170200e+002, 0.000000e+000, 1.265874e+002, 1.265874e+002, 1.001807e+002, -5.845044e+001, 4.730952e-001, -1.163021e-002, 2.008689e-008, 0.000000e+000, 0.000000e+000, 0.000000e+000, 0.000000e+000, -0.000000e+000, -0.000000e+000
5.696349e+000, 7.584106e-002, 1.005310e+001, 8.042477e+000, 1.005310e+001, 7.510915e+001, 1.408085e-001, 0.000000e+000, 1.602208e+003, 1.602208e+003, 1.013250e+006, -5.885930e-007, 3.168913e-004, 5.971161e-002, 7.895325e-001, 4.508491e-004, 1.499887e-001, 5.169177e-025, -3.264442e-024, 3.064681e+001, 2.331021e-004, -4.284445e+009, 1.500233e+010, 5.171509e-019, 5.171509e-019, 0.000000e+000, 0.000000e+000, 0.000000e+000, 0.000000e+000, 0.000000e+000, 3.170343e+002, 3.170343e+002, 0.000000e+000, 1.265930e+002, 1.265930e+002, 1.001962e+002, -5.845757e+001, 4.731651e-001, -1.163225e-002, 2.008688e-008, 0.000000e+000, 0.000000e+000, 0.000000e+000, 0.000000e+000, -0.000000e+000, -0.000000e+000
6.146349e+000, 8.183234e-002, 1.005310e+001, 8.042477e+000, 1.005310e+001, 7.510916e+001, 1.408085e-001, 0.000000e+000, 1.602208e+003, 1.602208e+003, 1.013250e+006, -6.349796e-007, 3.169056e-004, 5.971157e-002, 7.895325e-001, 4.509187e-004, 1.499887e-001, 5.169177e-025, -3.264264e-024, 3.064681e+001, 2.331021e-004, -4.284445e+009, 1.500234e+010, 5.171509e-019, 5.171509e-019, 0.000000e+000, 0.000000e+000, 0.000000e+000, 0.000000e+000, 0.000000e+000, 3.170485e+002, 3.170485e+002, 0.000000e+000, 1.265987e+002, 1.265987e+002, 1.002117e+002, -5.846469e+001, 4.732350e-001, -1.163428e-002, 2.008690e-008, 0.000000e+000, 0.000000e+000, 0.000000e+000, 0.000000e+000, -0.000000e+000, -0.000000e+000
6.596349e+000, 8.782362e-002, 1.005310e+001, 8.042477e+000, 1.005310e+001, 7.510918e+001, 1.408085e-001, 0.000000e+000, 1.602209e+003, 1.602209e+003, 1.013250e+006, -6.813501e-007, 3.169198e-004, 5.971153e-002, 7.895325e-001, 4.509882e-004, 1.499887e-001, 5.169177e-025, -3.264098e-024, 3.064681e+001, 2.331020e-004, -4.284445e+009, 1.500234e+010, 5.171510e-019, 5.171510e-019, 0.000000e+000, 0.000000e+000, 0.000000e+000, 0.000000e+000, 0.000000e+000, 3.170628e+002, 3.170628e+002, 0.000000e+000, 1.266044e+002, 1.266044e+002, 1.002271e+002, -5.847181e+001, 4.733048e-001, -1.163632e-002, 2.008693e-008, 0.000000e+000, 0.000000e+000, 0.000000e+000, 0.000000e+000, -0.000000e+000, -0.000000e+000
7.046349e+000, 9.381489e-002, 1.005310e+001, 8.042477e+000, 1.005310e+001, 7.510920e+001, 1.408085e-001, 0.000000e+000, 1.602209e+003, 1.602209e+003, 1.013250e+006, -7.277047e-007, 3.169340e-004, 5.971149e-002, 7.895325e-001, 4.510577e-004, 1.499887e-001, 5.169177e-025, -3.263946e-024, 3.064681e+001, 2.331020e-004, -4.284445e+009, 1.500235e+010, 5.171510e-019, 5.171510e-019, 0.000000e+000, 0.000000e+000, 0.000000e+000, 0.000000e+000, 0.000000e+000, 3.170770e+002, 3.170770e+002, 0.000000e+000, 1.266100e+002, 1.266100e+002, 1.002426e+002, -5.847892e+001, 4.733746e-001, -1.163835e-002, 2.008695e-008, 0.000000e+000, 0.000000e+000, 0.000000e+000, 0.000000e+000, -0.000000e+000, -0.000000e+000
7.496349e+000, 9.980617e-002, 1.005310e+001, 8.042477e+000, 1.005310e+001, 7.510922e+001, 1.408085e-001, 0.000000e+000, 1.602209e+003, 1.602209e+003, 1.013250e+006, -7.740433e-007, 3.169482e-004, 5.971144e-002, 7.895325e-001, 4.511272e-004, 1.499887e-001, 5.169177e-025, -3.263809e-024, 3.064681e+001, 2.331019e-004, -4.284445e+009, 1.500235e+010, 5.171510e-019, 5.171510e-019, 0.000000e+000, 0.000000e+000, 0.000000e+000, 0.000000e+000, 0.000000e+000, 3.170913e+002, 3.170913e+002, 0.000000e+000, 1.266157e+002, 1.266157e+002, 1.002580e+002, -5.848604e+001, 4.734444e-001, -1.164039e-002, 2.008697e-008, 0.000000e+000, 0.000000e+000, 0.000000e+000, 0.000000e+000, -0.000000e+000, -0.000000e+000
7.946349e+000, 1.057974e-001, 1.005310e+001, 8.042477e+000, 1.005310e+001, 7.510923e+001, 1.408085e-001, 0.000000e+000, 1.602210e+003, 1.602210e+003, 1.013250e+006, -8.203659e-007, 3.169625e-004, 5.971140e-002, 7.895325e-001, 4.511967e-004, 1.499887e-001, 5.169177e-025, -3.263686e-024, 3.064681e+001, 2.331019e-004, -4.284445e+009, 1.500235e+010, 5.171511e-019, 5.171511e-019, 0.000000e+000, 0.000000e+000, 0.000000e+000, 0.000000e+000, 0.000000e+000, 3.171055e+002, 3.171055e+002, 0.000000e+000, 1.266213e+002, 1.266213e+002, 1.002735e+002, -5.849315e+001, 4.735141e-001, -1.164242e-002, 2.008695e-008, 0.000000e+000, 0.000000e+000, 0.000000e+000, 0.000000e+000, -0.000000e+000, -0.000000e+000
8.396349e+000, 1.117887e-001, 1.005310e+001, 8.042477e+000, 1.005310e+001, 7.510925e+001, 1.408085e-001, 0.000000e+000, 1.602210e+003, 1.602210e+003, 1.013250e+006, -8.666726e-007, 3.169767e-004, 5.971136e-002, 7.895325e-001, 4.512662e-004, 1.499887e-001, 5.169177e-025, -3.263578e-024, 3.064681e+001, 2.331018e-004, -4.284445e+009, 1.500236e+010, 5.171511e-019, 5.171511e-019, 0.000000e+000, 0.000000e+000, 0.000000e+000, 0.000000e+000, 0.000000e+000, 3.171198e+002, 3.171198e+002, 0.000000e+000, 1.266270e+002, 1.266270e+002, 1.002889e+002, -5.850026e+001, 4.735839e-001, -1.164445e-002, 2.008698e-008, 0.000000e+000, 0.000000e+000, 0.000000e+000, 0.000000e+000, -0.000000e+000, -0.000000e+000
8.846349e+000, 1.177800e-001, 1.005310e+001, 8.042477e+000, 1.005310e+001, 7.510927e+001, 1.408085e-001, 0.000000e+000, 1.602211e+003, 1.602211e+003, 1.013250e+006, -9.129632e-007, 3.169909e-004, 5.971132e-002, 7.895326e-001, 4.513356e-004, 1.499887e-001, 5.169177e-025, -3.263485e-024, 3.064680e+001, 2.331018e-004, -4.284445e+009, 1.500236e+010, 5.171511e-019, 5.171511e-019, 0.000000e+000, 0.000000e+000, 0.000000e+000, 0.000000e+000, 0.000000e+000, 3.171340e+002, 3.171340e+002, 0.000000e+000, 1.266327e+002, 1.266327e+002, 1.003043e+002, -5.850736e+001, 4.736536e-001, -1.164648e-002, 2.008705e-008, 0.000000e+000, 0.000000e+000, 0.000000e+000, 0.000000e+000, -0.000000e+000, -0.000000e+000
9.296349e+000, 1.237713e-001, 1.005310e+001, 8.042477e+000, 1.005310e+001, 7.510928e+001, 1.408085e-001, 0.000000e+000, 1.602211e+003, 1.602211e+003, 1.013250e+006, -9.592378e-007, 3.170051e-004, 5.971127e-002, 7.895326e-001, 4.514050e-004, 1.499887e-001, 5.169177e-025, -3.263406e-024, 3.064680e+001, 2.331017e-004, -4.284445e+009, 1.500237e+010, 5.171511e-019, 5.171511e-019, 0.000000e+000, 0.000000e+000, 0.000000e+000, 0.000000e+000, 0.000000e+000, 3.171482e+002, 3.171482e+002, 0.000000e+000, 1.266383e+002, 1.266383e+002, 1.003198e+002, -5.851447e+001, 4.737233e-001, -1.164852e-002, 2.008701e-008, 0.000000e+000, 0.000000e+000, 0.000000e+000, 0.000000e+000, -0.000000e+000, -0.000000e+000
9.746349e+000, 1.297625e-001, 1.005310e+001, 8.042477e+000, 1.005310e+001, 7.510930e+001, 1.408085e-001, 0.000000e+000, 1.602211e+003, 1.602211e+003, 1.013250e+006, -1.005496e-006, 3.170193e-004, 5.971123e-002, 7.895326e-001, 4.514744e-004, 1.499887e-001, 5.169177e-025, -3.263342e-024, 3.064680e+001, 2.331017e-004, -4.284445e+009, 1.500237e+010, 5.171512e-019, 5.171512e-019, 0.000000e+000, 0.000000e+000, 0.000000e+000, 0.000000e+000, 0.000000e+000, 3.171625e+002, 3.171625e+002, 0.000000e+000, 1.266440e+002, 1.266440e+002, 1.003352e+002, -5.852156e+001, 4.737929e-001, -1.165055e-002, 2.008703e-008, 0.000000e+000, 0.000000e+000, 0.000000e+000, 0.000000e+000, -0.000000e+000, -0.000000e+000
1.019635e+001, 1.357538e-001, 1.005310e+001, 8.042477e+000, 1.005310e+001, 7.510932e+001, 1.408085e-001, 0.000000e+000, 1.602212e+003, 1.602212e+003, 1.013250e+006, -1.051739e-006, 3.170335e-004, 5.971119e-002, 7.895326e-001, 4.515437e-004, 1.499887e-001, 5.169177e-025, -3.263292e-024, 3.064680e+001, 2.331016e-004, -4.284445e+009, 1.500238e+010, 5.171512e-019, 5.171512e-019, 0.000000e+000, 0.000000e+000, 0.000000e+000, 0.000000e+000, 0.000000e+000, 3.171767e+002, 3.171767e+002, 0.000000e+000, 1.266496e+002, 1.266496e+002, 1.003506e+002, -5.852866e+001, 4.738626e-001, -1.165258e-002, 2.008702e-008, 0.000000e+000, 0.000000e+000, 0.000000e+000, 0.000000e+000, -0.000000e+000, -0.000000e+000
1.064635e+001, 1.417451e-001, 1.005310e+001, 8.042477e+000, 1.005310e+001, 7.510934e+001, 1.408085e-001, 0.000000e+000, 1.602212e+003, 1.602212e+003, 1.013250e+006, -1.097966e-006, 3.170476e-004, 5.971115e-002, 7.895326e-001, 4.516131e-004, 1.499887e-001, 5.169177e-025, -3.263257e-024, 3.064680e+001, 2.331016e-004, -4.284445e+009, 1.500238e+010, 5.171512e-019, 5.171512e-019, 0.000000e+000, 0.000000e+000, 0.000000e+000, 0.000000e+000, 0.000000e+000, 3.171909e+002, 3.171909e+002, 0.000000e+000, 1.266552e+002, 1.266552e+002, 1.003660e+002, -5.853575e+001, 4.739322e-001, -1.165461e-002, 2.008703e-008, 0.000000e+000, 0.000000e+000, 0.000000e+000, 0.000000e+000, -0.000000e+000, -0.000000e+000
1.109635e+001, 1.477363e-001, 1.005310e+001, 8.042477e+000, 1.005310e+001, 7.510935e+001, 1.408085e-001, 0.000000e+000, 1.602212e+003, 1.602212e+003, 1.013250e+006, -1.144176e-006, 3.170618e-004, 5.971110e-002, 7.895326e-001, 4.516824e-004, 1.499887e-001, 5.169177e-025, -3.263180e-024, 3.064680e+001, 2.331015e-004, -4.284445e+009, 1.500238e+010, 5.171513e-019, 5.171513e-019, 0.000000e+000, 0.000000e+000, 0.000000e+000, 0.000000e+000, 0.000000e+000, 3.172051e+002, 3.172051e+002, 0.000000e+000, 1.266609e+002, 1.266609e+002, 1.003814e+002, -5.854285e+001, 4.740018e-001, -1.165663e-002, 2.008711e-008, 0.000000e+000, 0.000000e+000, 0.000000e+000, 0.000000e+000, -0.000000e+000, -0.000000e+000
1.154635e+001, 1.537276e-001, 1.005310e+001, 8.042477e+000, 1.005310e+001, 7.510937e+001, 1.408085e-001, 0.000000e+000, 1.602213e+003, 1.602213e+003, 1.013250e+006, -1.190371e-006, 3.170760e-004, 5.971106e-002, 7.895326e-001, 4.517517e-004, 1.499887e-001, 5.169177e-025, -3.263105e-024, 3.064680e+001, 2.331015e-004, -4.284445e+009, 1.500239e+010, 5.171513e-019, 5.171513e-019, 0.000000e+000, 0.000000e+000, 0.000000e+000, 0.000000e+000, 0.000000e+000, 3.172193e+002, 3.172193e+002, 0.000000e+000, 1.266665e+002, 1.266665e+002, 1.003968e+002, -5.854993e+001, 4.740713e-001, -1.165866e-002, 2.008718e-008, 0.000000e+000, 0.000000e+000, 0.000000e+000, 0.000000e+000, -0.000000e+000, -0.000000e+000
1.199635e+001, 1.597189e-001, 1.005310e+001, 8.042477e+000, 1.005310e+001, 7.510939e+001, 1.408085e-001, 0.000000e+000, 1.602213e+003, 1.602213e+003, 1.013250e+006, -1.236550e-006, 3.170902e-004, 5.971102e-002, 7.895326e-001, 4.518209e-004, 1.499887e-001, 5.169177e-025, -3.263034e-024, 3.064680e+001, 2.331014e-004, -4.284445e+009, 1.500239e+010, 5.171513e-019, 5.171513e-019, 0.000000e+000, 0.000000e+000, 0.000000e+000, 0.000000e+000, 0.000000e+000, 3.172335e+002, 3.172335e+002, 0.000000e+000, 1.266721e+002, 1.266721e+002, 1.004122e+002, -5.855702e+001, 4.741409e-001, -1.166069e-002, 2.008722e-008, 0.000000e+000, 0.000000e+000, 0.000000e+000, 0.000000e+000, -0.000000e+000, -0.000000e+000
1.244635e+001, 1.657101e-001, 1.005310e+001, 8.042477e+000, 1.005310e+001, 7.510940e+001, 1.408085e-001, 0.000000e+000, 1.602213e+003, 1.602213e+003, 1.013250e+006, -1.282712e-006, 3.171043e-004, 5.971098e-002, 7.895326e-001, 4.518902e-004, 1.499887e-001, 5.169177e-025, -3.262967e-024, 3.064680e+001, 2.331013e-004, -4.284445e+009, 1.500240e+010, 5.171513e-019, 5.171513e-019, 0.000000e+000, 0.000000e+000, 0.000000e+000, 0.000000e+000, 0.000000e+000, 3.172477e+002, 3.172477e+002, 0.000000e+000, 1.266778e+002, 1.266778e+002, 1.004276e+002, -5.856410e+001, 4.742104e-001, -1.166272e-002, 2.008728e-008, 0.000000e+000, 0.000000e+000, 0.000000e+000, 0.000000e+000, -0.000000e+000, -0.000000e+000
1.289635e+001, 1.717014e-001, 1.005310e+001, 8.042477e+000, 1.005310e+001, 7.510942e+001, 1.408085e-001, 0.000000e+000, 1.602214e+003, 1.602214e+003, 1.013250e+006, -1.328859e-006, 3.171185e-004, 5.971093e-002, 7.895326e-001, 4.519594e-004, 1.499887e-001, 5.169176e-025, -3.262905e-024, 3.064680e+001, 2.331013e-004, -4.284445e+009, 1.500240e+010, 5.171514e-019, 5.171514e-019, 0.000000e+000, 0.000000e+000, 0.000000e+000, 0.000000e+000, 0.000000e+000, 3.172619e+002, 3.172619e+002, 0.000000e+000, 1.266834e+002, 1.266834e+002, 1.004430e+002, -5.857118e+001, 4.742799e-001, -1.166474e-002, 2.008728e-008, 0.000000e+000, 0.000000e+000, 0.000000e+000, 0.000000e+000, -0.000000e+000, -0.000000e+000
1.334635e+001, 1.776926e-001, 1.005310e+001, 8.042477e+000, 1.005310e+001, 7.510944e+001, 1.408085e-001, 0.000000e+000, 1.602214e+003, 1.602214e+003, 1.013250e+006, -1.374990e-006, 3.171326e-004, 5.971089e-002, 7.895326e-001, 4.520286e-004, 1.499887e-001, 5.169176e-025, -3.262847e-024, 3.064680e+001, 2.331012e-004, -4.284445e+009, 1.500241e+010, 5.171514e-019, 5.171514e-019, 0.000000e+000, 0.000000e+000, 0.000000e+000, 0.000000e+000, 0.000000e+000, 3.172760e+002, 3.172760e+002, 0.000000e+000, 1.266890e+002, 1.266890e+002, 1.004584e+002, -5.857825e+001, 4.743493e-001, -1.166677e-002, 2.008736e-008, 0.000000e+000, 0.000000e+000, 0.000000e+000, 0.000000e+000, -0.000000e+000, -0.000000e+000
1.379635e+001, 1.836839e-001, 1.005310e+001, 8.042477e+000, 1.005310e+001, 7.510946e+001, 1.408085e-001, 0.000000e+000, 1.602214e+003, 1.602214e+003, 1.013250e+006, -1.421104e-006, 3.171468e-004, 5.971085e-002, 7.895326e-001, 4.520977e-004, 1.499887e-001, 5.169176e-025, -3.262794e-024, 3.064680e+001, 2.331012e-004, -4.284445e+009, 1.500241e+010, 5.171514e-019, 5.171514e-019, 0.000000e+000, 0.000000e+000, 0.000000e+000, 0.000000e+000, 0.000000e+000, 3.172902e+002, 3.172902e+002, 0.000000e+000, 1.266947e+002, 1.266947e+002, 1.004737e+002, -5.858533e+001, 4.744187e-001, -1.166879e-002, 2.008745e-008, 0.000000e+000, 0.000000e+000, 0.000000e+000, 0.000000e+000, -0.000000e+000, -0.000000e+000
1.424635e+001, 1.896751e-001, 1.005310e+001, 8.042477e+000, 1.005310e+001, 7.510947e+001, 1.408085e-001, 0.000000e+000, 1.602215e+003, 1.602215e+003, 1.013250e+006, -1.467203e-006, 3.171609e-004, 5.971081e-002, 7.895326e-001, 4.521669e-004, 1.499887e-001, 5.169176e-025, -3.262744e-024, 3.064680e+001, 2.331011e-004, -4.284445e+009, 1.500242e+010, 5.171515e-019, 5.171515e-019, 0.000000e+000, 0.000000e+000, 0.000000e+000, 0.000000e+000, 0.000000e+000, 3.173044e+002, 3.173044e+002, 0.000000e+000, 1.267003e+002, 1.267003e+002, 1.004891e+002, -5.859240e+001, 4.744882e-001, -1.167082e-002, 2.008753e-008, 0.000000e+000, 0.000000e+000, 0.000000e+000, 0.000000e+000, -0.000000e+000, -0.000000e+000
1.469635e+001, 1.956664e-001, 1.005310e+001, 8.042477e+000, 1.005310e+001, 7.510949e+001, 1.408085e-001, 0.000000e+000, 1.602215e+003, 1.602215e+003, 1.013250e+006, -1.513286e-006, 3.171750e-004, 5.971076e-002, 7.895326e-001, 4.522360e-004, 1.499887e-001, 5.169176e-025, -3.262700e-024, 3.064680e+001, 2.331011e-004, -4.284445e+009, 1.500242e+010, 5.171515e-019, 5.171515e-019, 0.000000e+000, 0.000000e+000, 0.000000e+000, 0.000000e+000, 0.000000e+000, 3.173185e+002, 3.173185e+002, 0.000000e+000, 1.267059e+002, 1.267059e+002, 1.005045e+002, -5.859947e+001, 4.745575e-001, -1.167284e-002, 2.008756e-008, 0.000000e+000, 0.000000e+000, 0.000000e+000, 0.000000e+000, -0.000000e+000, -0.000000e+000
1.514635e+001, 2.016577e-001, 1.005310e+001, 8.042477e+000, 1.005310e+001, 7.510951e+001, 1.408085e-001, 0.000000e+000, 1.602215e+003, 1.602215e+003, 1.013250e+006, -1.559353e-006, 3.171891e-004, 5.971072e-002, 7.895327e-001, 4.523051e-004, 1.499887e-001, 5.169176e-025, -3.262659e-024, 3.064680e+001, 2.331010e-004, -4.284445e+009, 1.500242e+010, 5.171515e-019, 5.171515e-019, 0.000000e+000, 0.000000e+000, 0.000000e+000, 0.000000e+000, 0.000000e+000, 3.173327e+002, 3.173327e+002, 0.000000e+000, 1.267115e+002, 1.267115e+002, 1.005198e+002, -5.860653e+001, 4.746269e-001, -1.167486e-002, 2.008760e-008, 0.000000e+000, 0.000000e+000, 0.000000e+000, 0.000000e+000, -0.000000e+000, -0.000000e+000
1.559635e+001, 2.076489e-001, 1.005310e+001, 8.042477e+000, 1.005310e+001, 7.510952e+001, 1.408085e-001, 0.000000e+000, 1.602216e+003, 1.602216e+003, 1.013250e+006, -1.605403e-006, 3.172033e-004, 5.971068e-002, 7.895327e-001, 4.523742e-004, 1.499887e-001, 5.169176e-025, -3.262623e-024, 3.064680e+001, 2.331010e-004, -4.284445e+009, 1.500243e+010, 5.171516e-019, 5.171516e-019, 0.000000e+000, 0.000000e+000, 0.000000e+000, 0.000000e+000, 0.000000e+000, 3.173468e+002, 3.173468e+002, 0.000000e+000, 1.267171e+002, 1.267171e+002, 1.005352e+002, -5.861359e+001, 4.746962e-001, -1.167689e-002, 2.008768e-008, 0.000000e+000, 0.000000e+000, 0.000000e+000, 0.000000e+000, -0.000000e+000, -0.000000e+000
1.604635e+001, 2.136402e-001, 1.005310e+001, 8.042477e+000, 1.005310e+001, 7.510954e+001, 1.408085e-001, 0.000000e+000, 1.602216e+003, 1.602216e+003, 1.013250e+006, -1.651438e-006, 3.172174e-004, 5.971064e-002, 7.895327e-001, 4.524432e-004, 1.499887e-001, 5.169176e-025, -3.262591e-024, 3.064680e+001, 2.331009e-004, -4.284445e+009, 1.500243e+010, 5.171516e-019, 5.171516e-019, 0.000000e+000, 0.000000e+000, 0.000000e+000, 0.000000e+000, 0.000000e+000, 3.173610e+002, 3.173610e+002, 0.000000e+000, 1.267228e+002, 1.267228e+002, 1.005505e+002, -5.862065e+001, 4.747656e-001, -1.167891e-002, 2.008770e-008, 0.000000e+000, 0.000000e+000, 0.000000e+000, 0.000000e+000, -0.000000e+000, -0.000000e+000
1.649635e+001, 2.196314e-001, 1.005310e+001, 8.042477e+000, 1.005310e+001, 7.510956e+001, 1.408085e-001, 0.000000e+000, 1.602216e+003, 1.602216e+003, 1.013250e+006, -1.697457e-006, 3.172315e-004, 5.971060e-002, 7.895327e-001, 4.525122e-004, 1.499887e-001, 5.169176e-025, -3.262563e-024, 3.064680e+001, 2.331009e-004, -4.284445e+009, 1.500244e+010, 5.171516e-019, 5.171516e-019, 0.000000e+000, 0.000000e+000, 0.000000e+000, 0.000000e+000, 0.000000e+000, 3.173751e+002, 3.173751e+002, 0.000000e+000, 1.267284e+002, 1.267284e+002, 1.005659e+002, -5.862771e+001, 4.748348e-001, -1.168093e-002, 2.008779e-008, 0.000000e+000, 0.000000e+000, 0.000000e+000, 0.000000e+000, -0.000000e+000, -0.000000e+000
1.694635e+001, 2.256227e-001, 1.005310e+001, 8.042477e+000, 1.005310e+001, 7.510958e+001, 1.408085e-001, 0.000000e+000, 1.602217e+003, 1.602217e+003, 1.013250e+006, -1.743459e-006, 3.172456e-004, 5.971055e-002, 7.895327e-001, 4.525812e-004, 1.499887e-001, 5.169176e-025, -3.262539e-024, 3.064680e+001, 2.331008e-004, -4.284445e+009, 1.500244e+010, 5.171516e-019, 5.171516e-019, 0.000000e+000, 0.000000e+000, 0.000000e+000, 0.000000e+000, 0.000000e+000, 3.173892e+002, 3.173892e+002, 0.000000e+000, 1.267340e+002, 1.267340e+002, 1.005812e+002, -5.863476e+001, 4.749041e-001, -1.168295e-002, 2.008785e-008, 0.000000e+000, 0.000000e+000, 0.000000e+000, 0.000000e+000, -0.000000e+000, -0.000000e+000
1.739635e+001, 2.316139e-001, 1.005310e+001, 8.042477e+000, 1.005310e+001, 7.510959e+001, 1.408085e-001, 0.000000e+000, 1.602217e+003, 1.602217e+003, 1.013250e+006, -1.789446e-006, 3.172597e-004, 5.971051e-002, 7.895327e-001, 4.526502e-004, 1.499887e-001, 5.169176e-025, -3.262520e-024, 3.064680e+001, 2.331008e-004, -4.284445e+009, 1.500245e+010, 5.171517e-019, 5.171517e-019, 0.000000e+000, 0.000000e+000, 0.000000e+000, 0.000000e+000, 0.000000e+000, 3.174034e+002, 3.174034e+002, 0.000000e+000, 1.267396e+002, 1.267396e+002, 1.005965e+002, -5.864181e+001, 4.749733e-001, -1.168497e-002, 2.008790e-008, 0.000000e+000, 0.000000e+000, 0.000000e+000, 0.000000e+000, -0.000000e+000, -0.000000e+000
1.784635e+001, 2.376051e-001, 1.005310e+001, 8.042477e+000, 1.005310e+001, 7.510961e+001, 1.408085e-001, 0.000000e+000, 1.602217e+003, 1.602217e+003, 1.013250e+006, -1.835417e-006, 3.172738e-004, 5.971047e-002, 7.895327e-001, 4.527192e-004, 1.499887e-001, 5.169176e-025, -3.262506e-024, 3.064680e+001, 2.331007e-004, -4.284445e+009, 1.500245e+010, 5.171517e-019, 5.171517e-019, 0.000000e+000, 0.000000e+000, 0.000000e+000, 0.000000e+000, 0.000000e+000, 3.174175e+002, 3.174175e+002, 0.000000e+000, 1.267452e+002, 1.267452e+002, 1.006119e+002, -5.864886e+001, 4.750426e-001, -1.168699e-002, 2.008798e-008, 0.000000e+000, 0.000000e+000, 0.000000e+000, 0.000000e+000, -0.000000e+000, -0.000000e+000
1.829635e+001, 2.435964e-001, 1.005310e+001, 8.042477e+000, 1.005310e+001, 7.510963e+001, 1.408085e-001, 0.000000e+000, 1.602218e+003, 1.602218e+003, 1.013250e+006, -1.881372e-006, 3.172879e-004, 5.971043e-002, 7.895327e-001, 4.527881e-004, 1.499887e-001, 5.169176e-025, -3.262495e-024, 3.064680e+001, 2.331007e-004, -4.284445e+009, 1.500245e+010, 5.171517e-019, 5.171517e-019, 0.000000e+000, 0.000000e+000, 0.000000e+000, 0.000000e+000, 0.000000e+000, 3.174316e+002, 3.174316e+002, 0.000000e+000, 1.267508e+002, 1.267508e+002, 1.006272e+002, -5.865590e+001, 4.751117e-001, -1.168901e-002, 2.008798e-008, 0.000000e+000, 0.000000e+000, 0.000000e+000, 0.000000e+000, -0.000000e+000, -0.000000e+000
1.874635e+001, 2.495876e-001, 1.005310e+001, 8.042477e+000, 1.005310e+001, 7.510964e+001, 1.408085e-001, 0.000000e+000, 1.602218e+003, 1.602218e+003, 1.013250e+006, -1.927310e-006, 3.173019e-004, 5.971038e-002, 7.895327e-001, 4.528570e-004, 1.499887e-001, 5.169176e-025, -3.262489e-024, 3.064680e+001, 2.331006e-004, -4.284445e+009, 1.500246e+010, 5.171518e-019, 5.171518e-019, 0.000000e+000, 0.000000e+000, 0.000000e+000, 0.000000e+000, 0.000000e+000, 3.174457e+002, 3.174457e+002, 0.000000e+000, 1.267564e+002, 1.267564e+002, 1.006425e+002, -5.866294e+001, 4.751809e-001, -1.169102e-002, 2.008806e-008, 0.000000e+000, 0.000000e+000, 0.000000e+000, 0.000000e+000, -0.000000e+000, -0.000000e+000
1.919635e+001, 2.555789e-001, 1.005310e+001, 8.042477e+000, 1.005310e+001, 7.510966e+001, 1.408085e-001, 0.000000e+000, 1.602218e+003, 1.602218e+003, 1.013250e+006, -1.973233e-006, 3.173160e-004, 5.971034e-002, 7.895327e-001, 4.529259e-004, 1.499887e-001, 5.169176e-025, -3.262487e-024, 3.064680e+001, 2.331005e-004, -4.284445e+009, 1.500246e+010, 5.171518e-019, 5.171518e-019, 0.000000e+000, 0.000000e+000, 0.000000e+000, 0.000000e+000, 0.000000e+000, 3.174598e+002, 3.174598e+002, 0.000000e+000, 1.267620e+002, 1.267620e+002, 1.006578e+002, -5.866998e+001, 4.752500e-001, -1.169304e-002, 2.008807e-008, 0.000000e+000, 0.000000e+000, 0.000000e+000, 0.000000e+000, -0.000000e+000, -0.000000e+000
1.964635e+001, 2.615701e-001, 1.005310e+001, 8.042477e+000, 1.005310e+001, 7.510968e+001, 1.408085e-001, 0.000000e+000, 1.602219e+003, 1.602219e+003, 1.013250e+006, -2.019140e-006, 3.173301e-004, 5.971030e-002, 7.895327e-001, 4.529947e-004, 1.499887e-001, 5.169176e-025, -3.262490e-024, 3.064680e+001, 2.331005e-004, -4.284445e+009, 1.500247e+010, 5.171518e-019, 5.171518e-019, 0.000000e+000, 0.000000e+000, 0.000000e+000, 0.000000e+000, 0.000000e+000, 3.174739e+002, 3.174739e+002, 0.000000e+000, 1.267676e+002, 1.267676e+002, 1.006731e+002, -5.867702e+001, 4.753192e-001, -1.169506e-002, 2.008808e-008, 0.000000e+000, 0.000000e+000, 0.000000e+000, 0.000000e+000, -0.000000e+000, -0.000000e+000
2.009635e+001, 2.675613e-001, 1.005310e+001, 8.042477e+000, 1.005310e+001, 7.510970e+001, 1.408085e-001, 0.000000e+000, 1.602219e+003, 1.602219e+003, 1.013250e+006, -2.065031e-006, 3.173441e-004, 5.971026e-002, 7.895327e-001, 4.530636e-004, 1.499887e-001, 5.169176e-025, -3.262496e-024, 3.064680e+001, 2.331004e-004, -4.284445e+009, 1.500247e+010, 5.171519e-019, 5.171519e-019, 0.000000e+000, 0.000000e+000, 0.000000e+000, 0.000000e+000, 0.000000e+000, 3.174880e+002, 3.174880e+002, 0.000000e+000, 1.267732e+002, 1.267732e+002, 1.006884e+002, -5.868405e+001, 4.753883e-001, -1.169707e-002, 2.008812e-008, 0.000000e+000, 0.000000e+000, 0.000000e+000, 0.000000e+000, -0.000000e+000, -0.000000e+000
2.054635e+001, 2.735526e-001, 1.005310e+001, 8.042477e+000, 1.005310e+001, 7.510971e+001, 1.408085e-001, 0.000000e+000, 1.602220e+003, 1.602220e+003, 1.013250e+006, -2.110905e-006, 3.173582e-004, 5.971022e-002, 7.895327e-001, 4.531324e-004, 1.499887e-001, 5.169175e-025, -3.331572e-024, 3.064680e+001, 2.331004e-004, -4.284445e+009, 1.500248e+010, 5.171519e-019, 5.171519e-019, 0.000000e+000, 0.000000e+000, 0.000000e+000, 0.000000e+000, 0.000000e+000, 3.175021e+002, 3.175021e+002, 0.000000e+000, 1.267788e+002, 1.267788e+002, 1.007037e+002, -5.869108e+001, 4.754573e-001, -1.169909e-002, 2.008821e-008, 0.000000e+000, 0.000000e+000, 0.000000e+000, 0.000000e+000, -0.000000e+000, -0.000000e+000
2.099635e+001, 2.795438e-001, 1.005310e+001, 8.042477e+000, 1.005310e+001, 7.510973e+001, 1.408085e-001, 0.000000e+000, 1.602220e+003, 1.602220e+003, 1.013250e+006, -2.156764e-006, 3.173723e-004, 5.971017e-002, 7.895327e-001, 4.532012e-004, 1.499887e-001, 5.169175e-025, -3.414107e-024, 3.064680e+001, 2.331003e-004, -4.284445e+009, 1.500248e+010, 5.171519e-019, 5.171519e-019, 0.000000e+000, 0.000000e+000, 0.000000e+000, 0.000000e+000, 0.000000e+000, 3.175161e+002, 3.175161e+002, 0.000000e+000, 1.267844e+002, 1.267844e+002, 1.007190e+002, -5.869811e+001, 4.755264e-001, -1.170110e-002, 2.008829e-008, 0.000000e+000, 0.000000e+000, 0.000000e+000, 0.000000e+000, -0.000000e+000, -0.000000e+000
2.144635e+001, 2.855351e-001, 1.005310e+001, 8.042477e+000, 1.005310e+001, 7.510975e+001, 1.408085e-001, 0.000000e+000, 1.602220e+003, 1.602220e+003, 1.013250e+006, -2.202607e-006, 3.173863e-004, 5.971013e-002, 7.895327e-001, 4.532699e-004, 1.499887e-001, 5.169175e-025, -3.503558e-024, 3.064679e+001, 2.331003e-004, -4.284445e+009, 1.500248e+010, 5.171519e-019, 5.171519e-019, 0.000000e+000, 0.000000e+000, 0.000000e+000, 0.000000e+000, 0.000000e+000, 3.175302e+002, 3.175302e+002, 0.000000e+000, 1.267900e+002, 1.267900e+002, 1.007343e+002, -5.870514e+001, 4.755954e-001, -1.170311e-002, 2.008839e-008, 0.000000e+000, 0.000000e+000, 0.000000e+000, 0.000000e+000, -0.000000e+000, -0.000000e+000
2.189635e+001, 2.915263e-001, 1.005310e+001, 8.042477e+000, 1.005310e+001, 7.510976e+001, 1.408085e-001, 0.000000e+000, 1.602221e+003, 1.602221e+003, 1.013250e+006, -2.248434e-006, 3.174003e-004, 5.971009e-002, 7.895328e-001, 4.533387e-004, 1.499887e-001, 5.169175e-025, -3.599926e-024, 3.064679e+001, 2.331002e-004, -4.284445e+009, 1.500249e+010, 5.171520e-019, 5.171520e-019, 0.000000e+000, 0.000000e+000, 0.000000e+000, 0.000000e+000, 0.000000e+000, 3.175443e+002, 3.175443e+002, 0.000000e+000, 1.267956e+002, 1.267956e+002, 1.007495e+002, -5.871217e+001, 4.756644e-001, -1.170513e-002, 2.008845e-008, 0.000000e+000, 0.000000e+000, 0.000000e+000, 0.000000e+000, -0.000000e+000, -0.000000e+000
2.234635e+001, 2.975175e-001, 1.005310e+001, 8.042477e+000, 1.005310e+001, 7.510978e+001, 1.408085e-001, 0.000000e+000, 1.602221e+003, 1.602221e+003, 1.013250e+006, -2.294245e-006, 3.174144e-004, 5.971005e-002, 7.895328e-001, 4.534074e-004, 1.499887e-001, 5.169175e-025, -3.703210e-024, 3.064679e+001, 2.331002e-004, -4.284445e+009, 1.500249e+010, 5.171520e-019, 5.171520e-019, 0.000000e+000, 0.000000e+000, 0.000000e+000, 0.000000e+000, 0.000000e+000, 3.175584e+002, 3.175584e+002, 0.000000e+000, 1.268011e+002, 1.268011e+002, 1.007648e+002, -5.871919e+001, 4.757334e-001, -1.170714e-002, 2.008857e-008, 0.000000e+000, 0.000000e+000, 0.000000e+000, 0.000000e+000, -0.000000e+000, -0.000000e+000
2.279635e+001, 3.035087e-001, 1.005310e+001, 8.042477e+000, 1.005310e+001, 7.510980e+001, 1.408085e-001, 0.000000e+000, 1.602221e+003, 1.602221e+003, 1.013250e+006, -2.340039e-006, 3.174284e-004, 5.971001e-002, 7.895328e-001, 4.534760e-004, 1.499887e-001, 5.169175e-025, -3.813410e-024, 3.064679e+001, 2.331001e-004, -4.284445e+009, 1.500250e+010, 5.171520e-019, 5.171520e-019, 0.000000e+000, 0.000000e+000, 0.000000e+000, 0.000000e+000, 0.000000e+000, 3.175724e+002, 3.175724e+002, 0.000000e+000, 1.268067e+002, 1.268067e+002, 1.007801e+002, -5.872621e+001, 4.758023e-001, -1.170915e-002, 2.008865e-008, 0.000000e+000, 0.000000e+000, 0.000000e+000, 0.000000e+000, -0.000000e+000, -0.000000e+000
2.324635e+001, 3.095000e-001, 1.005310e+001, 8.042477e+000, 1.005310e+001, 7.510982e+001, 1.408085e-001, 0.000000e+000, 1.602222e+003, 1.602222e+003, 1.013250e+006, -2.385818e-006, 3.174425e-004, 5.970996e-002, 7.895328e-001, 4.535447e-004, 1.499887e-001, 5.169175e-025, -3.930526e-024, 3.064679e+001, 2.331001e-004, -4.284445e+009, 1.500250e+010, 5.171521e-019, 5.171521e-019, 0.000000e+000, 0.000000e+000, 0.000000e+000, 0.000000e+000, 0.000000e+000, 3.175865e+002, 3.175865e+002, 0.000000e+000, 1.268123e+002, 1.268123e+002, 1.007953e+002, -5.873322e+001, 4.758712e-001, -1.171116e-002, 2.008878e-008, 0.000000e+000, 0.000000e+000, 0.000000e+000, 0.000000e+000, -0.000000e+000, -0.000000e+000
2.369635e+001, 3.154912e-001, 1.005310e+001, 8.042477e+000, 1.005310e+001, 7.510983e+001, 1.408085e-001, 0.000000e+000, 1.602222e+003, 1.602222e+003, 1.013250e+006, -2.431581e-006, 3.174565e-004, 5.970992e-002, 7.895328e-001, 4.536134e-004, 1.499887e-001, 5.169175e-025, -4.054559e-024, 3.064679e+001, 2.331000e-004, -4.284445e+009, 1.500251e+010, 5.171521e-019, 5.171521e-019, 0.000000e+000, 0.000000e+000, 0.000000e+000, 0.000000e+000, 0.000000e+000, 3.176005e+002, 3.176005e+002, 0.000000e+000, 1.268179e+002, 1.268179e+002, 1.008106e+002, -5.874024e+001, 4.759401e-001, -1.171317e-002, 2.008883e-008, 0.000000e+000, 0.000000e+000, 0.000000e+000, 0.000000e+000, -0.000000e+000, -0.000000e+000
2.414635e+001, 3.214824e-001, 1.005310e+001, 8.042477e+000, 1.005310e+001, 7.510985e+001, 1.408085e-001, 0.000000e+000, 1.602222e+003, 1.602222e+003, 1.013250e+006, -2.477328e-006, 3.174705e-004, 5.970988e-002, 7.895328e-001, 4.536820e-004, 1.499887e-001, 5.169175e-025, -4.185508e-024, 3.064679e+001, 2.331000e-004, -4.284445e+009, 1.500251e+010, 5.171521e-019, 5.171521e-019, 0.000000e+000, 0.000000e+000, 0.000000e+000, 0.000000e+000, 0.000000e+000, 3.176146e+002, 3.176146e+002, 0.000000e+000, 1.268235e+002, 1.268235e+002, 1.008258e+002, -5.874725e+001, 4.760090e-001, -1.171518e-002, 2.008896e-008, 0.000000e+000, 0.000000e+000, 0.000000e+000, 0.000000e+000, -0.000000e+000, -0.000000e+000
2.459635e+001, 3.274737e-001, 1.005310e+001, 8.042477e+000, 1.005310e+001, 7.510987e+001, 1.408085e-001, 0.000000e+000, 1.602223e+003, 1.602223e+003, 1.013250e+006, -2.523058e-006, 3.174845e-004, 5.970984e-002, 7.895328e-001, 4.537506e-004, 1.499887e-001, 5.169175e-025, -4.323373e-024, 3.064679e+001, 2.330999e-004, -4.284445e+009, 1.500252e+010, 5.171522e-019, 5.171522e-019, 0.000000e+000, 0.000000e+000, 0.000000e+000, 0.000000e+000, 0.000000e+000, 3.176286e+002, 3.176286e+002, 0.000000e+000, 1.268290e+002, 1.268290e+002, 1.008411e+002, -5.875426e+001, 4.760779e-001, -1.171719e-002, 2.008902e-008, 0.000000e+000, 0.000000e+000, 0.000000e+000, 0.000000e+000, -0.000000e+000, -0.000000e+000
2.504635e+001, 3.334649e-001, 1.005310e+001, 8.042477e+000, 1.005310e+001, 7.510988e+001, 1.408085e-001, 0.000000e+000, 1.602223e+003, 1.602223e+003, 1.013250e+006, -2.568773e-006, 3.174985e-004, 5.970980e-002, 7.895328e-001, 4.538191e-004, 1.499887e-001, 5.169175e-025, -4.468154e-024, 3.064679e+001, 2.330999e-004, -4.284445e+009, 1.500252e+010, 5.171522e-019, 5.171522e-019, 0.000000e+000, 0.000000e+000, 0.000000e+000, 0.000000e+000, 0.000000e+000, 3.176427e+002, 3.176427e+002, 0.000000e+000, 1.268346e+002, 1.268346e+002, 1.008563e+002, -5.876127e+001, 4.761467e-001, -1.171920e-002, 2.008909e-008, 0.000000e+000, 0.000000e+000, 0.000000e+000, 0.000000e+000, -0.000000e+000, -0.000000e+000
2.549635e+001, 3.394561e-001, 1.005310e+001, 8.042477e+000, 1.005310e+001, 7.510990e+001, 1.408085e-001, 0.000000e+000, 1.602223e+003, 1.602223e+003, 1.013250e+006, -2.614472e-006, 3.175125e-004, 5.970975e-002, 7.895328e-001, 4.538877e-004, 1.499887e-001, 5.169175e-025, -4.619852e-024, 3.064679e+001, 2.330998e-004, -4.284445e+009, 1.500252e+010, 5.171522e-019, 5.171522e-019, 0.000000e+000, 0.000000e+000, 0.000000e+000, 0.000000e+000, 0.000000e+000, 3.176567e+002, 3.176567e+002, 0.000000e+000, 1.268402e+002, 1.268402e+002, 1.008716e+002, -5.876827e+001, 4.762155e-001, -1.172120e-002, 2.008919e-008, 0.000000e+000, 0.000000e+000, 0.000000e+000, 0.000000e+000, -0.000000e+000, -0.000000e+000
2.594635e+001, 3.454473e-001, 1.005310e+001, 8.042477e+000, 1.005310e+001, 7.510992e+001, 1.408085e-001, 0.000000e+000, 1.602224e+003, 1.602224e+003, 1.013250e+006, -2.660155e-006, 3.175265e-004, 5.970971e-002, 7.895328e-001, 4.539562e-004, 1.499887e-001, 5.169175e-025, -4.778465e-024, 3.064679e+001, 2.330998e-004, -4.284445e+009, 1.500253e+010, 5.171522e-019, 5.171522e-019, 0.000000e+000, 0.000000e+000, 0.000000e+000, 0.000000e+000, 0.000000e+000, 3.176707e+002, 3.176707e+002, 0.000000e+000, 1.268457e+002, 1.268457e+002, 1.008868e+002, -5.877527e+001, 4.762843e-001, -1.172321e-002, 2.008924e-008, 0.000000e+000, 0.000000e+000, 0.000000e+000, 0.000000e+000, -0.000000e+000, -0.000000e+000
2.639635e+001, 3.514385e-001, 1.005310e+001, 8.042477e+000, 1.005310e+001, 7.510993e+001, 1.408085e-001, 0.000000e+000, 1.602224e+003, 1.602224e+003, 1.013250e+006, -2.705822e-006, 3.175405e-004, 5.970967e-002, 7.895328e-001, 4.540247e-004, 1.499886e-001, 5.169175e-025, -4.943996e-024, 3.064679e+001, 2.330997e-004, -4.284445e+009, 1.500253e+010, 5.171523e-019, 5.171523e-019, 0.000000e+000, 0.000000e+000, 0.000000e+000, 0.000000e+000, 0.000000e+000, 3.176848e+002, 3.176848e+002, 0.000000e+000, 1.268513e+002, 1.268513e+002, 1.009020e+002, -5.878227e+001, 4.763530e-001, -1.172522e-002, 2.008928e-008, 0.000000e+000, 0.000000e+000, 0.000000e+000, 0.000000e+000, -0.000000e+000, -0.000000e+000
2.684635e+001, 3.574298e-001, 1.005310e+001, 8.042477e+000, 1.005310e+001, 7.510995e+001, 1.408085e-001, 0.000000e+000, 1.602224e+003, 1.602224e+003, 1.013250e+006, -2.751473e-006, 3.175545e-004, 5.970963e-002, 7.895328e-001, 4.540932e-004, 1.499886e-001, 5.169175e-025, -5.116442e-024, 3.064679e+001, 2.330997e-004, -4.284445e+009, 1.500254e+010, 5.171523e-019, 5.171523e-019, 0.000000e+000, 0.000000e+000, 0.000000e+000, 0.000000e+000, 0.000000e+000, 3.176988e+002, 3.176988e+002, 0.000000e+000, 1.268569e+002, 1.268569e+002, 1.009172e+002, -5.878927e+001, 4.764217e-001, -1.172722e-002, 2.008940e-008, 0.000000e+000, 0.000000e+000, 0.000000e+000, 0.000000e+000, -0.000000e+000, -0.000000e+000
2.729635e+001, 3.634210e-001, 1.005310e+001, 8.042477e+000, 1.005310e+001, 7.510997e+001, 1.408085e-001, 0.000000e+000, 1.602225e+003, 1.602225e+003, 1.013250e+006, -2.797107e-006, 3.175685e-004, 5.970959e-002, 7.895328e-001, 4.541616e-004, 1.499886e-001, 5.169175e-025, -5.295804e-024, 3.064679e+001, 2.330996e-004, -4.284445e+009, 1.500254e+010, 5.171523e-019, 5.171523e-019, 0.000000e+000, 0.000000e+000, 0.000000e+000, 0.000000e+000, 0.000000e+000, 3.177128e+002, 3.177128e+002, 0.000000e+000, 1.268624e+002, 1.268624e+002, 1.009324e+002, -5.879626e+001, 4.764904e-001, -1.172923e-002, 2.008941e-008, 0.000000e+000, 0.000000e+000, 0.000000e+000, 0.000000e+000, -0.000000e+000, -0.000000e+000
2.774635e+001, 3.694122e-001, 1.005310e+001, 8.042477e+000, 1.005310e+001, 7.510999e+001, 1.408085e-001, 0.000000e+000, 1.602225e+003, 1.602225e+003, 1.013250e+006, -2.842726e-006, 3.175825e-004, 5.970954e-002, 7.895328e-001, 4.542300e-004, 1.499886e-001, 5.169175e-025, -5.482083e-024, 3.064679e+001, 2.330995e-004, -4.284445e+009, 1.500255e+010, 5.171524e-019, 5.171524e-019, 0.000000e+000, 0.000000e+000, 0.000000e+000, 0.000000e+000, 0.000000e+000, 3.177268e+002, 3.177268e+002, 0.000000e+000, 1.268680e+002, 1.268680e+002, 1.009476e+002, -5.880326e+001, 4.765591e-001, -1.173123e-002, 2.008942e-008, 0.000000e+000, 0.000000e+000, 0.000000e+000, 0.000000e+000, -0.000000e+000, -0.000000e+000
2.819635e+001, 3.754034e-001, 1.005310e+001, 8.042477e+000, 1.005310e+001, 7.511000e+001, 1.408085e-001, 0.000000e+000, 1.602225e+003, 1.602225e+003, 1.013250e+006, -2.888329e-006, 3.175964e-004, 5.970950e-002, 7.895328e-001, 4.542984e-004, 1.499886e-001, 5.169174e-025, -5.675278e-024, 3.064679e+001, 2.330995e-004, -4.284445e+009, 1.500255e+010, 5.171524e-019, 5.171524e-019, 0.000000e+000, 0.000000e+000, 0.000000e+000, 0.000000e+000, 0.000000e+000, 3.177408e+002, 3.177408e+002, 0.000000e+000, 1.268736e+002, 1.268736e+002, 1.009628e+002, -5.881024e+001, 4.766278e-001, -1.173323e-002, 2.008947e-008, 0.000000e+000, 0.000000e+000, 0.000000e+000, 0.000000e+000, -0.000000e+000, -0.000000e+000
2.864635e+001, 3.813946e-001, 1.005310e+001, 8.042477e+000, 1.005310e+001, 7.511002e+001, 1.408085e-001, 0.000000e+000, 1.602226e+003, 1.602226e+003, 1.013250e+006, -2.933916e-006, 3.176104e-004, 5.970946e-002, 7.895329e-001, 4.543668e-004, 1.499886e-001, 5.169174e-025, -5.875389e-024, 3.064679e+001, 2.330994e-004, -4.284445e+009, 1.500255e+010, 5.171524e-019, 5.171524e-019, 0.000000e+000, 0.000000e+000, 0.000000e+000, 0.000000e+000, 0.000000e+000, 3.177548e+002, 3.177548e+002, 0.000000e+000, 1.268791e+002, 1.268791e+002, 1.009780e+002, -5.881723e+001, 4.766964e-001, -1.173523e-002, 2.008952e-008, 0.000000e+000, 0.000000e+000, 0.000000e+000, 0.000000e+000, -0.000000e+000, -0.000000e+000
2.909635e+001, 3.873858e-001, 1.005310e+001, 8.042477e+000, 1.005310e+001, 7.511004e+001, 1.408085e-001, 0.000000e+000, 1.602226e+003, 1.602226e+003, 1.013250e+006, -2.979487e-006, 3.176244e-004, 5.970942e-002, 7.895329e-001, 4.544351e-004, 1.499886e-001, 5.169174e-025, -6.082417e-024, 3.064679e+001, 2.330994e-004, -4.284445e+009, 1.500256e+010, 5.171524e-019, 5.171524e-019, 0.000000e+000, 0.000000e+000, 0.000000e+000, 0.000000e+000, 0.000000e+000, 3.177688e+002, 3.177688e+002, 0.000000e+000, 1.268847e+002, 1.268847e+002, 1.009932e+002, -5.882421e+001, 4.767650e-001, -1.173724e-002, 2.008954e-008, 0.000000e+000, 0.000000e+000, 0.000000e+000, 0.000000e+000, -0.000000e+000, -0.000000e+000
2.954635e+001, 3.933770e-001, 1.005310e+001, 8.042477e+000, 1.005310e+001, 7.511005e+001, 1.408085e-001, 0.000000e+000, 1.602226e+003, 1.602226e+003, 1.013250e+006, -3.025042e-006, 3.176383e-004, 5.970938e-002, 7.895329e-001, 4.545035e-004, 1.499886e-001, 5.169174e-025, -6.296361e-024, 3.064679e+001, 2.330993e-004, -4.284445e+009, 1.500256e+010, 5.171525e-019, 5.171525e-019, 0.000000e+000, 0.000000e+000, 0.000000e+000, 0.000000e+000, 0.000000e+000, 3.177828e+002, 3.177828e+002, 0.000000e+000, 1.268902e+002, 1.268902e+002, 1.010084e+002, -5.883119e+001, 4.768336e-001, -1.173924e-002, 2.008955e-008, 0.000000e+000, 0.000000e+000, 0.000000e+000, 0.000000e+000, -0.000000e+000, -0.000000e+000
2.999635e+001, 3.993682e-001, 1.005310e+001, 8.042477e+000, 1.005310e+001, 7.511007e+001, 1.408085e-001, 0.000000e+000, 1.602227e+003, 1.602227e+003, 1.013250e+006, -3.070580e-006, 3.176523e-004, 5.970933e-002, 7.895329e-001, 4.545718e-004, 1.499886e-001, 5.169174e-025, -6.442068e-024, 3.064679e+001, 2.330993e-004, -4.284445e+009, 1.500257e+010, 5.171525e-019, 5.171525e-019, 0.000000e+000, 0.000000e+000, 0.000000e+000, 0.000000e+000, 0.000000e+000, 3.177967e+002, 3.177967e+002, 0.000000e+000, 1.268958e+002, 1.268958e+002, 1.010236e+002, -5.883817e+001, 4.769022e-001, -1.174124e-002, 2.008959e-008, 0.000000e+000, 0.000000e+000, 0.000000e+000, 0.000000e+000, -0.000000e+000, -0.000000e+000
3.044635e+001, 4.053594e-001, 1.005310e+001, 8.042477e+000, 1.005310e+001, 7.511009e+001, 1.408085e-001, 0.000000e+000, 1.602227e+003, 1.602227e+003, 1.013250e+006, -3.116103e-006, 3.176662e-004, 5.970929e-002, 7.895329e-001, 4.546401e-004, 1.499886e-001, 5.169174e-025, -6.574144e-024, 3.064679e+001, 2.330992e-004, -4.284445e+009, 1.500257e+010, 5.171525e-019, 5.171525e-019, 0.000000e+000, 0.000000e+000, 0.000000e+000, 0.000000e+000, 0.000000e+000, 3.178107e+002, 3.178107e+002, 0.000000e+000, 1.269013e+002, 1.269013e+002, 1.010388e+002, -5.884515e+001, 4.769707e-001, -1.174324e-002, 2.008971e-008, 0.000000e+000, 0.000000e+000, 0.000000e+000, 0.000000e+000, -0.000000e+000, -0.000000e+000
3.089635e+001, 4.113506e-001, 1.005310e+001, 8.042477e+000, 1.005310e+001, 7.511010e+001, 1.408085e-001, 0.000000e+000, 1.602227e+003, 1.602227e+003, 1.013250e+006, -3.161610e-006, 3.176802e-004, 5.970925e-002, 7.895329e-001, 4.547083e-004, 1.499886e-001, 5.169174e-025, -6.705080e-024, 3.064679e+001, 2.330992e-004, -4.284445e+009, 1.500258e+010, 5.171526e-019, 5.171526e-019, 0.000000e+000, 0.000000e+000, 0.000000e+000, 0.000000e+000, 0.000000e+000, 3.178247e+002, 3.178247e+002, 0.000000e+000, 1.269069e+002, 1.269069e+002, 1.010539e+002, -5.885213e+001, 4.770392e-001, -1.174524e-002, 2.008983e-008, 0.000000e+000, 0.000000e+000, 0.000000e+000, 0.000000e+000, -0.000000e+000, -0.000000e+000
3.134635e+001, 4.173419e-001, 1.005310e+001, 8.042477e+000, 1.005310e+001, 7.511012e+001, 1.408085e-001, 0.000000e+000, 1.602228e+003, 1.602228e+003, 1.013250e+006, -3.207101e-006, 3.176941e-004, 5.970921e-002, 7.895329e-001, 4.547765e-004, 1.499886e-001, 5.169174e-025, -6.834877e-024, 3.064679e+001, 2.330991e-004, -4.284445e+009, 1.500258e+010, 5.171526e-019, 5.171526e-019, 0.000000e+000, 0.000000e+000, 0.000000e+000, 0.000000e+000, 0.000000e+000, 3.178387e+002, 3.178387e+002, 0.000000e+000, 1.269124e+002, 1.269124e+002, 1.010691e+002, -5.885910e+001, 4.771077e-001, -1.174723e-002, 2.008992e-008, 0.000000e+000, 0.000000e+000, 0.000000e+000, 0.000000e+000, -0.000000e+000, -0.000000e+000
3.179635e+001, 4.233331e-001, 1.005310e+001, 8.042477e+000, 1.005310e+001, 7.511014e+001, 1.408085e-001, 0.000000e+000, 1.602228e+003, 1.602228e+003, 1.013250e+006, -3.252576e-006, 3.177080e-004, 5.970917e-002, 7.895329e-001, 4.548448e-004, 1.499886e-001, 5.169174e-025, -6.963536e-024, 3.064679e+001, 2.330991e-004, -4.284445e+009, 1.500258e+010, 5.171526e-019, 5.171526e-019, 0.000000e+000, 0.000000e+000, 0.000000e+000, 0.000000e+000, 0.000000e+000, 3.178526e+002, 3.178526e+002, 0.000000e+000, 1.269180e+002, 1.269180e+002, 1.010843e+002, -5.886607e+001, 4.771762e-001, -1.174923e-002, 2.009000e-008, 0.000000e+000, 0.000000e+000, 0.000000e+000, 0.000000e+000, -0.000000e+000, -0.000000e+000
3.224635e+001, 4.293243e-001, 1.005310e+001, 8.042477e+000, 1.005310e+001, 7.511015e+001, 1.408085e-001, 0.000000e+000, 1.602228e+003, 1.602228e+003, 1.013250e+006, -3.298035e-006, 3.177220e-004, 5.970913e-002, 7.895329e-001, 4.549129e-004, 1.499886e-001, 5.169174e-025, -7.091055e-024, 3.064679e+001, 2.330990e-004, -4.284445e+009, 1.500259e+010, 5.171527e-019, 5.171527e-019, 0.000000e+000, 0.000000e+000, 0.000000e+000, 0.000000e+000, 0.000000e+000, 3.178666e+002, 3.178666e+002, 0.000000e+000, 1.269235e+002, 1.269235e+002, 1.010994e+002, -5.887303e+001, 4.772446e-001, -1.175123e-002, 2.009012e-008, 0.000000e+000, 0.000000e+000, 0.000000e+000, 0.000000e+000, -0.000000e+000, -0.000000e+000
3.269635e+001, 4.353155e-001, 1.005310e+001, 8.042477e+000, 1.005310e+001, 7.511017e+001, 1.408085e-001, 0.000000e+000, 1.602229e+003, 1.602229e+003, 1.013250e+006, -3.343477e-006, 3.177359e-004, 5.970908e-002, 7.895329e-001, 4.549811e-004, 1.499886e-001, 5.169174e-025, -7.217436e-024, 3.064679e+001, 2.330990e-004, -4.284445e+009, 1.500259e+010, 5.171527e-019, 5.171527e-019, 0.000000e+000, 0.000000e+000, 0.000000e+000, 0.000000e+000, 0.000000e+000, 3.178805e+002, 3.178805e+002, 0.000000e+000, 1.269290e+002, 1.269290e+002, 1.011146e+002, -5.888000e+001, 4.773130e-001, -1.175322e-002, 2.009023e-008, 0.000000e+000, 0.000000e+000, 0.000000e+000, 0.000000e+000, -0.000000e+000, -0.000000e+000
3.314635e+001, 4.413067e-001, 1.005310e+001, 8.042477e+000, 1.005310e+001, 7.511019e+001, 1.408085e-001, 0.000000e+000, 1.602229e+003, 1.602229e+003, 1.013250e+006, -3.388904e-006, 3.177498e-004, 5.970904e-002, 7.895329e-001, 4.550492e-004, 1.499886e-001, 5.169174e-025, -7.342677e-024, 3.064679e+001, 2.330989e-004, -4.284445e+009, 1.500260e+010, 5.171527e-019, 5.171527e-019, 0.000000e+000, 0.000000e+000, 0.000000e+000, 0.000000e+000, 0.000000e+000, 3.178945e+002, 3.178945e+002, 0.000000e+000, 1.269346e+002, 1.269346e+002, 1.011297e+002, -5.888696e+001, 4.773814e-001, -1.175522e-002, 2.009032e-008, 0.000000e+000, 0.000000e+000, 0.000000e+000, 0.000000e+000, -0.000000e+000, -0.000000e+000
3.359635e+001, 4.472979e-001, 1.005310e+001, 8.042477e+000, 1.005310e+001, 7.511021e+001, 1.408085e-001, 0.000000e+000, 1.602230e+003, 1.602230e+003, 1.013250e+006, -3.434315e-006, 3.177637e-004, 5.970900e-002, 7.895329e-001, 4.551173e-004, 1.499886e-001, 5.169174e-025, -7.466780e-024, 3.064679e+001, 2.330989e-004, -4.284445e+009, 1.500260e+010, 5.171527e-019, 5.171527e-019, 0.000000e+000, 0.000000e+000, 0.000000e+000, 0.000000e+000, 0.000000e+000, 3.179084e+002, 3.179084e+002, 0.000000e+000, 1.269401e+002, 1.269401e+002, 1.011449e+002, -5.889392e+001, 4.774498e-001, -1.175721e-002, 2.009042e-008, 0.000000e+000, 0.000000e+000, 0.000000e+000, 0.000000e+000, -0.000000e+000, -0.000000e+000
3.404635e+001, 4.532890e-001, 1.005310e+001, 8.042477e+000, 1.005310e+001, 7.511022e+001, 1.408085e-001, 0.000000e+000, 1.602230e+003, 1.602230e+003, 1.013250e+006, -3.479710e-006, 3.177776e-004, 5.970896e-002, 7.895329e-001, 4.551854e-004, 1.499886e-001, 5.169174e-025, -7.589743e-024, 3.064679e+001, 2.330988e-004, -4.284445e+009, 1.500261e+010, 5.171528e-019, 5.171528e-019, 0.000000e+000, 0.000000e+000, 0.000000e+000, 0.000000e+000, 0.000000e+000, 3.179224e+002, 3.179224e+002, 0.000000e+000, 1.269456e+002, 1.269456e+002, 1.011600e+002, -5.890088e+001, 4.775181e-001, -1.175921e-002, 2.009053e-008, 0.000000e+000, 0.000000e+000, 0.000000e+000, 0.000000e+000, -0.000000e+000, -0.000000e+000
3.449635e+001, 4.592802e-001, 1.005310e+001, 8.042477e+000, 1.005310e+001, 7.511024e+001, 1.408085e-001, 0.000000e+000, 1.602230e+003, 1.602230e+003, 1.013250e+006, -3.525089e-006, 3.177915e-004, 5.970892e-002, 7.895329e-001, 4.552535e-004, 1.499886e-001, 5.169174e-025, -7.711568e-024, 3.064678e+001, 2.330988e-004, -4.284445e+009, 1.500261e+010, 5.171528e-019, 5.171528e-019, 0.000000e+000, 0.000000e+000, 0.000000e+000, 0.000000e+000, 0.000000e+000, 3.179363e+002, 3.179363e+002, 0.000000e+000, 1.269512e+002, 1.269512e+002, 1.011751e+002, -5.890783e+001, 4.775864e-001, -1.176120e-002, 2.009058e-008, 0.000000e+000, 0.000000e+000, 0.000000e+000, 0.000000e+000, -0.000000e+000, -0.000000e+000
3.494635e+001, 4.652714e-001, 1.005310e+001, 8.042477e+000, 1.005310e+001, 7.511026e+001, 1.408085e-001, 0.000000e+000, 1.602231e+003, 1.602231e+003, 1.013250e+006, -3.570452e-006, 3.178054e-004, 5.970888e-002, 7.895330e-001, 4.553215e-004, 1.499886e-001, 5.169174e-025, -7.832254e-024, 3.064678e+001, 2.330987e-004, -4.284445e+009, 1.500261e+010, 5.171528e-019, 5.171528e-019, 0.000000e+000, 0.000000e+000, 0.000000e+000, 0.000000e+000, 0.000000e+000, 3.179502e+002, 3.179502e+002, 0.000000e+000, 1.269567e+002, 1.269567e+002, 1.011902e+002, -5.891478e+001, 4.776547e-001, -1.176319e-002, 2.009068e-008, 0.000000e+000, 0.000000e+000, 0.000000e+000, 0.000000e+000, -0.000000e+000, -0.000000e+000
3.539635e+001, 4.712626e-001, 1.005310e+001, 8.042477e+000, 1.005310e+001, 7.511027e+001, 1.408085e-001, 0.000000e+000, 1.602231e+003, 1.602231e+003, 1.013250e+006, -3.615798e-006, 3.178193e-004, 5.970883e-002, 7.895330e-001, 4.553895e-004, 1.499886e-001, 5.169174e-025, -7.951801e-024, 3.064678e+001, 2.330987e-004, -4.284445e+009, 1.500262e+010, 5.171529e-019, 5.171529e-019, 0.000000e+000, 0.000000e+000, 0.000000e+000, 0.000000e+000, 0.000000e+000, 3.179641e+002, 3.179641e+002, 0.000000e+000, 1.269622e+002, 1.269622e+002, 1.012054e+002, -5.892173e+001, 4.777230e-001, -1.176519e-002, 2.009081e-008, 0.000000e+000, 0.000000e+000, 0.000000e+000, 0.000000e+000, -0.000000e+000, -0.000000e+000
3.584635e+001, 4.772538e-001, 1.005310e+001, 8.042477e+000, 1.005310e+001, 7.511029e+001, 1.408085e-001, 0.000000e+000, 1.602231e+003, 1.602231e+003, 1.013250e+006, -3.661129e-006, 3.178332e-004, 5.970879e-002, 7.895330e-001, 4.554575e-004, 1.499886e-001, 5.169173e-025, -8.070209e-024, 3.064678e+001, 2.330986e-004, -4.284445e+009, 1.500262e+010, 5.171529e-019, 5.171529e-019, 0.000000e+000, 0.000000e+000, 0.000000e+000, 0.000000e+000, 0.000000e+000, 3.179781e+002, 3.179781e+002, 0.000000e+000, 1.269678e+002, 1.269678e+002, 1.012205e+002, -5.892868e+001, 4.777912e-001, -1.176718e-002, 2.009086e-008, 0.000000e+000, 0.000000e+000, 0.000000e+000, 0.000000e+000, -0.000000e+000, -0.000000e+000
3.629635e+001, 4.832450e-001, 1.005310e+001, 8.042477e+000, 1.005310e+001, 7.511031e+001, 1.408085e-001, 0.000000e+000, 1.602232e+003, 1.602232e+003, 1.013250e+006, -3.706444e-006, 3.178471e-004, 5.970875e-002, 7.895330e-001, 4.555255e-004, 1.499886e-001, 5.169173e-025, -8.187478e-024, 3.064678e+001, 2.330985e-004, -4.284445e+009, 1.500263e+010, 5.171529e-019, 5.171529e-019, 0.000000e+000, 0.000000e+000, 0.000000e+000, 0.000000e+000, 0.000000e+000, 3.179920e+002, 3.179920e+002, 0.000000e+000, 1.269733e+002, 1.269733e+002, 1.012356e+002, -5.893562e+001, 4.778595e-001, -1.176917e-002, 2.009091e-008, 0.000000e+000, 0.000000e+000, 0.000000e+000, 0.000000e+000, -0.000000e+000, -0.000000e+000
3.674635e+001, 4.892362e-001, 1.005310e+001, 8.042477e+000, 1.005310e+001, 7.511032e+001, 1.408085e-001, 0.000000e+000, 1.602232e+003, 1.602232e+003, 1.013250e+006, -3.751743e-006, 3.178610e-004, 5.970871e-002, 7.895330e-001, 4.555934e-004, 1.499886e-001, 5.169173e-025, -8.303608e-024, 3.064678e+001, 2.330985e-004, -4.284445e+009, 1.500263e+010, 5.171529e-019, 5.171529e-019, 0.000000e+000, 0.000000e+000, 0.000000e+000, 0.000000e+000, 0.000000e+000, 3.180059e+002, 3.180059e+002, 0.000000e+000, 1.269788e+002, 1.269788e+002, 1.012507e+002, -5.894257e+001, 4.779277e-001, -1.177116e-002, 2.009097e-008, 0.000000e+000, 0.000000e+000, 0.000000e+000, 0.000000e+000, -0.000000e+000, -0.000000e+000
3.719635e+001, 4.952274e-001, 1.005310e+001, 8.042477e+000, 1.005310e+001, 7.511034e+001, 1.408085e-001, 0.000000e+000, 1.602232e+003, 1.602232e+003, 1.013250e+006, -3.797026e-006, 3.178749e-004, 5.970867e-002, 7.895330e-001, 4.556614e-004, 1.499886e-001, 5.169173e-025, -8.418599e-024, 3.064678e+001, 2.330984e-004, -4.284445e+009, 1.500264e+010, 5.171530e-019, 5.171530e-019, 0.000000e+000, 0.000000e+000, 0.000000e+000, 0.000000e+000, 0.000000e+000, 3.180198e+002, 3.180198e+002, 0.000000e+000, 1.269843e+002, 1.269843e+002, 1.012658e+002, -5.894950e+001, 4.779958e-001, -1.177315e-002, 2.009097e-008, 0.000000e+000, 0.000000e+000, 0.000000e+000, 0.000000e+000, -0.000000e+000, -0.000000e+000
3.764635e+001, 5.012186e-001, 1.005310e+001, 8.042477e+000, 1.005310e+001, 7.511036e+001, 1.408085e-001, 0.000000e+000, 1.602233e+003, 1.602233e+003, 1.013250e+006, -3.842293e-006, 3.178887e-004, 5.970863e-002, 7.895330e-001, 4.557293e-004, 1.499886e-001, 5.169173e-025, -8.532451e-024, 3.064678e+001, 2.330984e-004, -4.284445e+009, 1.500264e+010, 5.171530e-019, 5.171530e-019, 0.000000e+000, 0.000000e+000, 0.000000e+000, 0.000000e+000, 0.000000e+000, 3.180337e+002, 3.180337e+002, 0.000000e+000, 1.269898e+002, 1.269898e+002, 1.012809e+002, -5.895644e+001, 4.780640e-001, -1.177514e-002, 2.009103e-008, 0.000000e+000, 0.000000e+000, 0.000000e+000, 0.000000e+000, -0.000000e+000, -0.000000e+000
3.809635e+001, 5.072098e-001, 1.005310e+001, 8.042477e+000, 1.005310e+001, 7.511037e+001, 1.408085e-001, 0.000000e+000, 1.602233e+003, 1.602233e+003, 1.013250e+006, -3.887544e-006, 3.179026e-004, 5.970858e-002, 7.895330e-001, 4.557971e-004, 1.499886e-001, 5.169173e-025, -8.645165e-024, 3.064678e+001, 2.330983e-004, -4.284445e+009, 1.500264e+010, 5.171530e-019, 5.171530e-019, 0.000000e+000, 0.000000e+000, 0.000000e+000, 0.000000e+000, 0.000000e+000, 3.180476e+002, 3.180476e+002, 0.000000e+000, 1.269954e+002, 1.269954e+002, 1.012959e+002, -5.896338e+001, 4.781321e-001, -1.177712e-002, 2.009105e-008, 0.000000e+000, 0.000000e+000, 0.000000e+000, 0.000000e+000, -0.000000e+000, -0.000000e+000
3.854635e+001, 5.132009e-001, 1.005310e+001, 8.042477e+000, 1.005310e+001, 7.511039e+001, 1.408085e-001, 0.000000e+000, 1.602233e+003, 1.602233e+003, 1.013250e+006, -3.932779e-006, 3.179165e-004, 5.970854e-002, 7.895330e-001, 4.558650e-004, 1.499886e-001, 5.169173e-025, -8.756739e-024, 3.064678e+001, 2.330983e-004, -4.284445e+009, 1.500265e+010, 5.171531e-019, 5.171531e-019, 0.000000e+000, 0.000000e+000, 0.000000e+000, 0.000000e+000, 0.000000e+000, 3.180615e+002, 3.180615e+002, 0.000000e+000, 1.270009e+002, 1.270009e+002, 1.013110e+002, -5.897031e+001, 4.782002e-001, -1.177911e-002, 2.009108e-008, 0.000000e+000, 0.000000e+000, 0.000000e+000, 0.000000e+000, -0.000000e+000, -0.000000e+000
3.899635e+001, 5.191921e-001, 1.005310e+001, 8.042477e+000, 1.005310e+001, 7.511041e+001, 1.408085e-001, 0.000000e+000, 1.602234e+003, 1.602234e+003, 1.013250e+006, -3.977997e-006, 3.179303e-004, 5.970850e-002, 7.895330e-001, 4.559328e-004, 1.499886e-001, 5.169173e-025, -8.867174e-024, 3.064678e+001, 2.330982e-004, -4.284445e+009, 1.500265e+010, 5.171531e-019, 5.171531e-019, 0.000000e+000, 0.000000e+000, 0.000000e+000, 0.000000e+000, 0.000000e+000, 3.180753e+002, 3.180753e+002, 0.000000e+000, 1.270064e+002, 1.270064e+002, 1.013261e+002, -5.897724e+001, 4.782683e-001, -1.178110e-002, 2.009108e-008, 0.000000e+000, 0.000000e+000, 0.000000e+000, 0.000000e+000, -0.000000e+000, -0.000000e+000
3.944635e+001, 5.251833e-001, 1.005310e+001, 8.042477e+000, 1.005310e+001, 7.511042e+001, 1.408085e-001, 0.000000e+000, 1.602234e+003, 1.602234e+003, 1.013250e+006, -4.023200e-006, 3.179442e-004, 5.970846e-002, 7.895330e-001, 4.560006e-004, 1.499886e-001, 5.169173e-025, -8.928564e-024, 3.064678e+001, 2.330982e-004, -4.284445e+009, 1.500266e+010, 5.171531e-019, 5.171531e-019, 0.000000e+000, 0.000000e+000, 0.000000e+000, 0.000000e+000, 0.000000e+000, 3.180892e+002, 3.180892e+002, 0.000000e+000, 1.270119e+002, 1.270119e+002, 1.013412e+002, -5.898416e+001, 4.783363e-001, -1.178308e-002, 2.009109e-008, 0.000000e+000, 0.000000e+000, 0.000000e+000, 0.000000e+000, -0.000000e+000, -0.000000e+000
3.989635e+001, 5.311745e-001, 1.005310e+001, 8.042477e+000, 1.005310e+001, 7.511044e+001, 1.408085e-001, 0.000000e+000, 1.602234e+003, 1.602234e+003, 1.013250e+006, -4.068387e-006, 3.179580e-004, 5.970842e-002, 7.895330e-001, 4.560684e-004, 1.499886e-001, 5.169173e-025, -8.971399e-024, 3.064678e+001, 2.330981e-004, -4.284445e+009, 1.500266e+010, 5.171532e-019, 5.171532e-019, 0.000000e+000, 0.000000e+000, 0.000000e+000, 0.000000e+000, 0.000000e+000, 3.181031e+002, 3.181031e+002, 0.000000e+000, 1.270174e+002, 1.270174e+002, 1.013562e+002, -5.899109e+001, 4.784044e-001, -1.178507e-002, 2.009118e-008, 0.000000e+000, 0.000000e+000, 0.000000e+000, 0.000000e+000, -0.000000e+000, -0.000000e+000
4.034635e+001, 5.371656e-001, 1.005310e+001, 8.042477e+000, 1.005310e+001, 7.511046e+001, 1.408085e-001, 0.000000e+000, 1.602235e+003, 1.602235e+003, 1.013250e+006, -4.113558e-006, 3.179718e-004, 5.970838e-002, 7.895330e-001, 4.561361e-004, 1.499886e-001, 5.169173e-025, -9.007570e-024, 3.064678e+001, 2.330981e-004, -4.284445e+009, 1.500267e+010, 5.171532e-019, 5.171532e-019, 0.000000e+000, 0.000000e+000, 0.000000e+000, 0.000000e+000, 0.000000e+000, 3.181170e+002, 3.181170e+002, 0.000000e+000, 1.270229e+002, 1.270229e+002, 1.013713e+002, -5.899801e+001, 4.784724e-001, -1.178705e-002, 2.009129e-008, 0.000000e+000, 0.000000e+000, 0.000000e+000, 0.000000e+000, -0.000000e+000, -0.000000e+000
4.079635e+001, 5.431568e-001, 1.005310e+001, 8.042477e+000, 1.005310e+001, 7.511048e+001, 1.408085e-001, 0.000000e+000, 1.602235e+003, 1.602235e+003, 1.013250e+006, -4.158713e-006, 3.179857e-004, 5.970834e-002, 7.895330e-001, 4.562039e-004, 1.499886e-001, 5.169173e-025, -9.037078e-024, 3.064678e+001, 2.330980e-004, -4.284445e+009, 1.500267e+010, 5.171532e-019, 5.171532e-019, 0.000000e+000, 0.000000e+000, 0.000000e+000, 0.000000e+000, 0.000000e+000, 3.181308e+002, 3.181308e+002, 0.000000e+000, 1.270284e+002, 1.270284e+002, 1.013863e+002, -5.900493e+001, 4.785404e-001, -1.178903e-002, 2.009130e-008, 0.000000e+000, 0.000000e+000, 0.000000e+000, 0.000000e+000, -0.000000e+000, -0.000000e+000
4.124635e+001, 5.491480e-001, 1.005310e+001, 8.042477e+000, 1.005310e+001, 7.511049e+001, 1.408085e-001, 0.000000e+000, 1.602235e+003, 1.602235e+003, 1.013250e+006, -4.203852e-006, 3.179995e-004, 5.970829e-002, 7.895330e-001, 4.562716e-004, 1.499886e-001, 5.169173e-025, -9.059921e-024, 3.064678e+001, 2.330980e-004, -4.284445e+009, 1.500267e+010, 5.171532e-019, 5.171532e-019, 0.000000e+000, 0.000000e+000, 0.000000e+000, 0.000000e+000, 0.000000e+000, 3.181447e+002, 3.181447e+002, 0.000000e+000, 1.270339e+002, 1.270339e+002, 1.014014e+002, -5.901185e+001, 4.786083e-001, -1.179102e-002, 2.009134e-008, 0.000000e+000, 0.000000e+000, 0.000000e+000, 0.000000e+000, -0.000000e+000, -0.000000e+000
4.169635e+001, 5.551392e-001, 1.005310e+001, 8.042477e+000, 1.005310e+001, 7.511051e+001, 1.408085e-001, 0.000000e+000, 1.602236e+003, 1.602236e+003, 1.013250e+006, -4.248974e-006, 3.180133e-004, 5.970825e-002, 7.895331e-001, 4.563392e-004, 1.499886e-001, 5.169173e-025, -9.076100e-024, 3.064678e+001, 2.330979e-004, -4.284445e+009, 1.500268e+010, 5.171533e-019, 5.171533e-019, 0.000000e+000, 0.000000e+000, 0.000000e+000, 0.000000e+000, 0.000000e+000, 3.181585e+002, 3.181585e+002, 0.000000e+000, 1.270394e+002, 1.270394e+002, 1.014164e+002, -5.901876e+001, 4.786762e-001, -1.179300e-002, 2.009141e-008, 0.000000e+000, 0.000000e+000, 0.000000e+000, 0.000000e+000, -0.000000e+000, -0.000000e+000
4.214635e+001, 5.611303e-001, 1.005310e+001, 8.042477e+000, 1.005310e+001, 7.511053e+001, 1.408085e-001, 0.000000e+000, 1.602236e+003, 1.602236e+003, 1.013250e+006, -4.294081e-006, 3.180272e-004, 5.970821e-002, 7.895331e-001, 4.564069e-004, 1.499886e-001, 5.169173e-025, -9.085615e-024, 3.064678e+001, 2.330979e-004, -4.284445e+009, 1.500268e+010, 5.171533e-019, 5.171533e-019, 0.000000e+000, 0.000000e+000, 0.000000e+000, 0.000000e+000, 0.000000e+000, 3.181724e+002, 3.181724e+002, 0.000000e+000, 1.270449e+002, 1.270449e+002, 1.014315e+002, -5.902568e+001, 4.787442e-001, -1.179498e-002, 2.009141e-008, 0.000000e+000, 0.000000e+000, 0.000000e+000, 0.000000e+000, -0.000000e+000, -0.000000e+000
4.259635e+001, 5.671215e-001, 1.005310e+001, 8.042477e+000, 1.005310e+001, 7.511054e+001, 1.408085e-001, 0.000000e+000, 1.602236e+003, 1.602236e+003, 1.013250e+006, -4.339172e-006, 3.180410e-004, 5.970817e-002, 7.895331e-001, 4.564745e-004, 1.499886e-001, 5.169173e-025, -9.088466e-024, 3.064678e+001, 2.330978e-004, -4.284445e+009, 1.500269e+010, 5.171533e-019, 5.171533e-019, 0.000000e+000, 0.000000e+000, 0.000000e+000, 0.000000e+000, 0.000000e+000, 3.181862e+002, 3.181862e+002, 0.000000e+000, 1.270504e+002, 1.270504e+002, 1.014465e+002, -5.903259e+001, 4.788120e-001, -1.179696e-002, 2.009143e-008, 0.000000e+000, 0.000000e+000, 0.000000e+000, 0.000000e+000, -0.000000e+000, -0.000000e+000
4.304635e+001, 5.731127e-001, 1.005310e+001, 8.042477e+000, 1.005310e+001, 7.511056e+001, 1.408085e-001, 0.000000e+000, 1.602237e+003, 1.602237e+003, 1.013250e+006, -4.384247e-006, 3.180548e-004, 5.970813e-002, 7.895331e-001, 4.565421e-004, 1.499886e-001, 5.169173e-025, -9.084653e-024, 3.064678e+001, 2.330978e-004, -4.284445e+009, 1.500269e+010, 5.171534e-019, 5.171534e-019, 0.000000e+000, 0.000000e+000, 0.000000e+000, 0.000000e+000, 0.000000e+000, 3.182001e+002, 3.182001e+002, 0.000000e+000, 1.270559e+002, 1.270559e+002, 1.014615e+002, -5.903949e+001, 4.788799e-001, -1.179894e-002, 2.009149e-008, 0.000000e+000, 0.000000e+000, 0.000000e+000, 0.000000e+000, -0.000000e+000, -0.000000e+000
4.349635e+001, 5.791039e-001, 1.005310e+001, 8.042477e+000, 1.005310e+001, 7.511058e+001, 1.408085e-001, 0.000000e+000, 1.602237e+003, 1.602237e+003, 1.013250e+006, -4.429306e-006, 3.180686e-004, 5.970809e-002, 7.895331e-001, 4.566097e-004, 1.499886e-001, 5.169172e-025, -9.074175e-024, 3.064678e+001, 2.330977e-004, -4.284445e+009, 1.500269e+010, 5.171534e-019, 5.171534e-019, 0.000000e+000, 0.000000e+000, 0.000000e+000, 0.000000e+000, 0.000000e+000, 3.182139e+002, 3.182139e+002, 0.000000e+000, 1.270614e+002, 1.270614e+002, 1.014765e+002, -5.904640e+001, 4.789477e-001, -1.180092e-002, 2.009149e-008, 0.000000e+000, 0.000000e+000, 0.000000e+000, 0.000000e+000, -0.000000e+000, -0.000000e+000
4.394635e+001, 5.850950e-001, 1.005310e+001, 8.042477e+000, 1.005310e+001, 7.511059e+001, 1.408085e-001, 0.000000e+000, 1.602237e+003, 1.602237e+003, 1.013250e+006, -4.474348e-006, 3.180824e-004, 5.970805e-002, 7.895331e-001, 4.566773e-004, 1.499886e-001, 5.169172e-025, -9.057034e-024, 3.064678e+001, 2.330977e-004, -4.284445e+009, 1.500270e+010, 5.171534e-019, 5.171534e-019, 0.000000e+000, 0.000000e+000, 0.000000e+000, 0.000000e+000, 0.000000e+000, 3.182277e+002, 3.182277e+002, 0.000000e+000, 1.270669e+002, 1.270669e+002, 1.014916e+002, -5.905330e+001, 4.790155e-001, -1.180290e-002, 2.009149e-008, 0.000000e+000, 0.000000e+000, 0.000000e+000, 0.000000e+000, -0.000000e+000, -0.000000e+000
4.439635e+001, 5.910862e-001, 1.005310e+001, 8.042477e+000, 1.005310e+001, 7.511061e+001, 1.408085e-001, 0.000000e+000, 1.602238e+003, 1.602238e+003, 1.013250e+006, -4.519375e-006, 3.180962e-004, 5.970800e-002, 7.895331e-001, 4.567448e-004, 1.499886e-001, 5.169172e-025, -9.033228e-024, 3.064678e+001, 2.330976e-004, -4.284445e+009, 1.500270e+010, 5.171534e-019, 5.171534e-019, 0.000000e+000, 0.000000e+000, 0.000000e+000, 0.000000e+000, 0.000000e+000, 3.182415e+002, 3.182415e+002, 0.000000e+000, 1.270724e+002, 1.270724e+002, 1.015066e+002, -5.906020e+001, 4.790833e-001, -1.180488e-002, 2.009146e-008, 0.000000e+000, 0.000000e+000, 0.000000e+000, 0.000000e+000, -0.000000e+000, -0.000000e+000
4.484635e+001, 5.970773e-001, 1.005310e+001, 8.042477e+000, 1.005310e+001, 7.511063e+001, 1.408085e-001, 0.000000e+000, 1.602238e+003, 1.602238e+003, 1.013250e+006, -4.564386e-006, 3.181100e-004, 5.970796e-002, 7.895331e-001, 4.568123e-004, 1.499886e-001, 5.169172e-025, -9.002759e-024, 3.064678e+001, 2.330976e-004, -4.284445e+009, 1.500271e+010, 5.171535e-019, 5.171535e-019, 0.000000e+000, 0.000000e+000, 0.000000e+000, 0.000000e+000, 0.000000e+000, 3.182554e+002, 3.182554e+002, 0.000000e+000, 1.270779e+002, 1.270779e+002, 1.015216e+002, -5.906710e+001, 4.791511e-001, -1.180685e-002, 2.009147e-008, 0.000000e+000, 0.000000e+000, 0.000000e+000, 0.000000e+000, -0.000000e+000, -0.000000e+000
4.500000e+001, 5.991230e-001, 1.005310e+001, 8.042477e+000, 1.005310e+001, 7.511063e+001, 1.408085e-001, 0.000000e+000, 1.602238e+003, 1.602238e+003, 1.013250e+006, -4.579751e-006, 3.181147e-004, 5.970795e-002, 7.895331e-001, 4.568354e-004, 1.499886e-001, 5.169172e-025, -8.990829e-024, 3.064678e+001, 2.330975e-004, -4.284445e+009, 1.500271e+010, 5.171535e-019, 5.171535e-019, 0.000000e+000, 0.000000e+000, 0.000000e+000, 0.000000e+000, 0.000000e+000, 3.182601e+002, 3.182601e+002, 0.000000e+000, 1.270797e+002, 1.270797e+002, 1.015267e+002, -5.906945e+001, 4.791742e-001, -1.180753e-002, 2.009143e-008, 0.000000e+000, 0.000000e+000, 0.000000e+000, 0.000000e+000, -0.000000e+000, -0.000000e+000
