Distance_(cm), NH3_ROP_GasRxn_Total_(mole/cm3-sec), NH3_ROP_NH3+NO+0.25O2=>N2+1.5H2O_GasRxn#1_(mole/cm3-sec), NH3_ROP_NH3+1.25O2=>NO+1.5H2O_GasRxn#2_(mole/cm3-sec), NO_ROP_GasRxn_Total_(mole/cm3-sec), NO_ROP_NH3+NO+0.25O2=>N2+1.5H2O_GasRxn#1_(mole/cm3-sec), NO_ROP_NH3+1.25O2=>NO+1.5H2O_GasRxn#2_(mole/cm3-sec), O2_ROP_GasRxn_Total_(mole/cm3-sec), O2_ROP_NH3+NO+0.25O2=>N2+1.5H2O_GasRxn#1_(mole/cm3-sec), O2_ROP_NH3+1.25O2=>NO+1.5H2O_GasRxn#2_(mole/cm3-sec), N2_ROP_GasRxn_Total_(mole/cm3-sec), N2_ROP_NH3+NO+0.25O2=>N2+1.5H2O_GasRxn#1_(mole/cm3-sec), H2O_ROP_GasRxn_Total_(mole/cm3-sec), H2O_ROP_NH3+NO+0.25O2=>N2+1.5H2O_GasRxn#1_(mole/cm3-sec), H2O_ROP_NH3+1.25O2=>NO+1.5H2O_GasRxn#2_(mole/cm3-sec)
0.000000e+000, -1.972050e-002, -4.978638e-003, -1.474186e-002, 9.763226e-003, -4.978638e-003, 1.474186e-002, -1.967199e-002, -1.244659e-003, -1.842733e-002, 4.978638e-003, 4.978638e-003, 2.958075e-002, 7.467957e-003, 2.211280e-002
3.471506e-007, -1.912256e-002, -4.929961e-003, -1.419260e-002, 9.262636e-003, -4.929961e-003, 1.419260e-002, -1.897324e-002, -1.232490e-003, -1.774075e-002, 4.929961e-003, 4.929961e-003, 2.868384e-002, 7.394942e-003, 2.128890e-002
7.844381e-006, -8.459710e-003, -2.698599e-003, -5.761111e-003, 3.062512e-003, -2.698599e-003, 5.761111e-003, -7.876039e-003, -6.746497e-004, -7.201389e-003, 2.698599e-003, 2.698599e-003, 1.268957e-002, 4.047898e-003, 8.641667e-003
2.306365e-005, -1.132359e-003, -3.886766e-004, -7.436825e-004, 3.550059e-004, -3.886766e-004, 7.436825e-004, -1.026772e-003, -9.716916e-005, -9.296031e-004, 3.886766e-004, 3.886766e-004, 1.698539e-003, 5.830149e-004, 1.115524e-003
4.601671e-005, -4.689164e-005, -1.623428e-005, -3.065737e-005, 1.442309e-005, -1.623428e-005, 3.065737e-005, -4.238028e-005, -4.058569e-006, -3.832171e-005, 1.623428e-005, 1.623428e-005, 7.033746e-005, 2.435141e-005, 4.598605e-005
1.070174e-004, -9.095514e-009, -3.150080e-009, -5.945434e-009, 2.795354e-009, -3.150080e-009, 5.945434e-009, -8.219312e-009, -7.875200e-010, -7.431792e-009, 3.150080e-009, 3.150080e-009, 1.364327e-008, 4.725120e-009, 8.918151e-009
2.963488e-001, 0.000000e+000, 0.000000e+000, 0.000000e+000, 0.000000e+000, 0.000000e+000, 0.000000e+000, 0.000000e+000, 0.000000e+000, 0.000000e+000, 0.000000e+000, 0.000000e+000, 0.000000e+000, 0.000000e+000, 0.000000e+000
7.463488e-001, 0.000000e+000, 0.000000e+000, 0.000000e+000, 0.000000e+000, 0.000000e+000, 0.000000e+000, 0.000000e+000, 0.000000e+000, 0.000000e+000, 0.000000e+000, 0.000000e+000, 0.000000e+000, 0.000000e+000, 0.000000e+000
1.196349e+000, 0.000000e+000, 0.000000e+000, 0.000000e+000, 0.000000e+000, 0.000000e+000, 0.000000e+000, 0.000000e+000, 0.000000e+000, 0.000000e+000, 0.000000e+000, 0.000000e+000, 0.000000e+000, 0.000000e+000, 0.000000e+000
1.646349e+000, 0.000000e+000, 0.000000e+000, 0.000000e+000, 0.000000e+000, 0.000000e+000, 0.000000e+000, 0.000000e+000, 0.000000e+000, 0.000000e+000, 0.000000e+000, 0.000000e+000, 0.000000e+000, 0.000000e+000, 0.000000e+000
2.096349e+000, 0.000000e+000, 0.000000e+000, 0.000000e+000, 0.000000e+000, 0.000000e+000, 0.000000e+000, 0.000000e+000, 0.000000e+000, 0.000000e+000, 0.000000e+000, 0.000000e+000, 0.000000e+000, 0.000000e+000, 0.000000e+000
2.546349e+000, 0.000000e+000, 0.000000e+000, 0.000000e+000, 0.000000e+000, 0.000000e+000, 0.000000e+000, 0.000000e+000, 0.000000e+000, 0.000000e+000, 0.000000e+000, 0.000000e+000, 0.000000e+000, 0.000000e+000, 0.000000e+000
2.996349e+000, 0.000000e+000, 0.000000e+000, 0.000000e+000, 0.000000e+000, 0.000000e+000, 0.000000e+000, 0.000000e+000, 0.000000e+000, 0.000000e+000, 0.000000e+000, 0.000000e+000, 0.000000e+000, 0.000000e+000, 0.000000e+000
3.446349e+000, 0.000000e+000, 0.000000e+000, 0.000000e+000, 0.000000e+000, 0.000000e+000, 0.000000e+000, 0.000000e+000, 0.000000e+000, 0.000000e+000, 0.000000e+000, 0.000000e+000, 0.000000e+000, 0.000000e+000, 0.000000e+000
3.896349e+000, 0.000000e+000, 0.000000e+000, 0.000000e+000, 0.000000e+000, 0.000000e+000, 0.000000e+000, 0.000000e+000, 0.000000e+000, 0.000000e+000, 0.000000e+000, 0.000000e+000, 0.000000e+000, 0.000000e+000, 0.000000e+000
4.346349e+000, 0.000000e+000, 0.000000e+000, 0.000000e+000, 0.000000e+000, 0.000000e+000, 0.000000e+000, 0.000000e+000, 0.000000e+000, 0.000000e+000, 0.000000e+000, 0.000000e+000, 0.000000e+000, 0.000000e+000, 0.000000e+000
4.796349e+000, 0.000000e+000, 0.000000e+000, 0.000000e+000, 0.000000e+000, 0.000000e+000, 0.000000e+000, 0.000000e+000, 0.000000e+000, 0.000000e+000, 0.000000e+000, 0.000000e+000, 0.000000e+000, 0.000000e+000, 0.000000e+000
5.246349e+000, 0.000000e+000, 0.000000e+000, 0.000000e+000, 0.000000e+000, 0.000000e+000, 0.000000e+000, 0.000000e+000, 0.000000e+000, 0.000000e+000, 0.000000e+000, 0.000000e+000, 0.000000e+000, 0.000000e+000, 0.000000e+000
5.696349e+000, 0.000000e+000, 0.000000e+000, 0.000000e+000, 0.000000e+000, 0.000000e+000, 0.000000e+000, 0.000000e+000, 0.000000e+000, 0.000000e+000, 0.000000e+000, 0.000000e+000, 0.000000e+000, 0.000000e+000, 0.000000e+000
6.146349e+000, 0.000000e+000, 0.000000e+000, 0.000000e+000, 0.000000e+000, 0.000000e+000, 0.000000e+000, 0.000000e+000, 0.000000e+000, 0.000000e+000, 0.000000e+000, 0.000000e+000, 0.000000e+000, 0.000000e+000, 0.000000e+000
6.596349e+000, 0.000000e+000, 0.000000e+000, 0.000000e+000, 0.000000e+000, 0.000000e+000, 0.000000e+000, 0.000000e+000, 0.000000e+000, 0.000000e+000, 0.000000e+000, 0.000000e+000, 0.000000e+000, 0.000000e+000, 0.000000e+000
7.046349e+000, 0.000000e+000, 0.000000e+000, 0.000000e+000, 0.000000e+000, 0.000000e+000, 0.000000e+000, 0.000000e+000, 0.000000e+000, 0.000000e+000, 0.000000e+000, 0.000000e+000, 0.000000e+000, 0.000000e+000, 0.000000e+000
7.496349e+000, 0.000000e+000, 0.000000e+000, 0.000000e+000, 0.000000e+000, 0.000000e+000, 0.000000e+000, 0.000000e+000, 0.000000e+000, 0.000000e+000, 0.000000e+000, 0.000000e+000, 0.000000e+000, 0.000000e+000, 0.000000e+000
7.946349e+000, 0.000000e+000, 0.000000e+000, 0.000000e+000, 0.000000e+000, 0.000000e+000, 0.000000e+000, 0.000000e+000, 0.000000e+000, 0.000000e+000, 0.000000e+000, 0.000000e+000, 0.000000e+000, 0.000000e+000, 0.000000e+000
8.396349e+000, 0.000000e+000, 0.000000e+000, 0.000000e+000, 0.000000e+000, 0.000000e+000, 0.000000e+000, 0.000000e+000, 0.000000e+000, 0.000000e+000, 0.000000e+000, 0.000000e+000, 0.000000e+000, 0.000000e+000, 0.000000e+000
8.846349e+000, 0.000000e+000, 0.000000e+000, 0.000000e+000, 0.000000e+000, 0.000000e+000, 0.000000e+000, 0.000000e+000, 0.000000e+000, 0.000000e+000, 0.000000e+000, 0.000000e+000, 0.000000e+000, 0.000000e+000, 0.000000e+000
9.296349e+000, 0.000000e+000, 0.000000e+000, 0.000000e+000, 0.000000e+000, 0.000000e+000, 0.000000e+000, 0.000000e+000, 0.000000e+000, 0.000000e+000, 0.000000e+000, 0.000000e+000, 0.000000e+000, 0.000000e+000, 0.000000e+000
9.746349e+000, 0.000000e+000, 0.000000e+000, 0.000000e+000, 0.000000e+000, 0.000000e+000, 0.000000e+000, 0.000000e+000, 0.000000e+000, 0.000000e+000, 0.000000e+000, 0.000000e+000, 0.000000e+000, 0.000000e+000, 0.000000e+000
1.019635e+001, 0.000000e+000, 0.000000e+000, 0.000000e+000, 0.000000e+000, 0.000000e+000, 0.000000e+000, 0.000000e+000, 0.000000e+000, 0.000000e+000, 0.000000e+000, 0.000000e+000, 0.000000e+000, 0.000000e+000, 0.000000e+000
1.064635e+001, 0.000000e+000, 0.000000e+000, 0.000000e+000, 0.000000e+000, 0.000000e+000, 0.000000e+000, 0.000000e+000, 0.000000e+000, 0.000000e+000, 0.000000e+000, 0.000000e+000, 0.000000e+000, 0.000000e+000, 0.000000e+000
1.109635e+001, 0.000000e+000, 0.000000e+000, 0.000000e+000, 0.000000e+000, 0.000000e+000, 0.000000e+000, 0.000000e+000, 0.000000e+000, 0.000000e+000, 0.000000e+000, 0.000000e+000, 0.000000e+000, 0.000000e+000, 0.000000e+000
1.154635e+001, 0.000000e+000, 0.000000e+000, 0.000000e+000, 0.000000e+000, 0.000000e+000, 0.000000e+000, 0.000000e+000, 0.000000e+000, 0.000000e+000, 0.000000e+000, 0.000000e+000, 0.000000e+000, 0.000000e+000, 0.000000e+000
1.199635e+001, 0.000000e+000, 0.000000e+000, 0.000000e+000, 0.000000e+000, 0.000000e+000, 0.000000e+000, 0.000000e+000, 0.000000e+000, 0.000000e+000, 0.000000e+000, 0.000000e+000, 0.000000e+000, 0.000000e+000, 0.000000e+000
1.244635e+001, 0.000000e+000, 0.000000e+000, 0.000000e+000, 0.000000e+000, 0.000000e+000, 0.000000e+000, 0.000000e+000, 0.000000e+000, 0.000000e+000, 0.000000e+000, 0.000000e+000, 0.000000e+000, 0.000000e+000, 0.000000e+000
1.289635e+001, 0.000000e+000, 0.000000e+000, 0.000000e+000, 0.000000e+000, 0.000000e+000, 0.000000e+000, 0.000000e+000, 0.000000e+000, 0.000000e+000, 0.000000e+000, 0.000000e+000, 0.000000e+000, 0.000000e+000, 0.000000e+000
1.334635e+001, 0.000000e+000, 0.000000e+000, 0.000000e+000, 0.000000e+000, 0.000000e+000, 0.000000e+000, 0.000000e+000, 0.000000e+000, 0.000000e+000, 0.000000e+000, 0.000000e+000, 0.000000e+000, 0.000000e+000, 0.000000e+000
1.379635e+001, 0.000000e+000, 0.000000e+000, 0.000000e+000, 0.000000e+000, 0.000000e+000, 0.000000e+000, 0.000000e+000, 0.000000e+000, 0.000000e+000, 0.000000e+000, 0.000000e+000, 0.000000e+000, 0.000000e+000, 0.000000e+000
1.424635e+001, 0.000000e+000, 0.000000e+000, 0.000000e+000, 0.000000e+000, 0.000000e+000, 0.000000e+000, 0.000000e+000, 0.000000e+000, 0.000000e+000, 0.000000e+000, 0.000000e+000, 0.000000e+000, 0.000000e+000, 0.000000e+000
1.469635e+001, 0.000000e+000, 0.000000e+000, 0.000000e+000, 0.000000e+000, 0.000000e+000, 0.000000e+000, 0.000000e+000, 0.000000e+000, 0.000000e+000, 0.000000e+000, 0.000000e+000, 0.000000e+000, 0.000000e+000, 0.000000e+000
1.514635e+001, 0.000000e+000, 0.000000e+000, 0.000000e+000, 0.000000e+000, 0.000000e+000, 0.000000e+000, 0.000000e+000, 0.000000e+000, 0.000000e+000, 0.000000e+000, 0.000000e+000, 0.000000e+000, 0.000000e+000, 0.000000e+000
1.559635e+001, 0.000000e+000, 0.000000e+000, 0.000000e+000, 0.000000e+000, 0.000000e+000, 0.000000e+000, 0.000000e+000, 0.000000e+000, 0.000000e+000, 0.000000e+000, 0.000000e+000, 0.000000e+000, 0.000000e+000, 0.000000e+000
1.604635e+001, 0.000000e+000, 0.000000e+000, 0.000000e+000, 0.000000e+000, 0.000000e+000, 0.000000e+000, 0.000000e+000, 0.000000e+000, 0.000000e+000, 0.000000e+000, 0.000000e+000, 0.000000e+000, 0.000000e+000, 0.000000e+000
1.649635e+001, 0.000000e+000, 0.000000e+000, 0.000000e+000, 0.000000e+000, 0.000000e+000, 0.000000e+000, 0.000000e+000, 0.000000e+000, 0.000000e+000, 0.000000e+000, 0.000000e+000, 0.000000e+000, 0.000000e+000, 0.000000e+000
1.694635e+001, 0.000000e+000, 0.000000e+000, 0.000000e+000, 0.000000e+000, 0.000000e+000, 0.000000e+000, 0.000000e+000, 0.000000e+000, 0.000000e+000, 0.000000e+000, 0.000000e+000, 0.000000e+000, 0.000000e+000, 0.000000e+000
1.739635e+001, 0.000000e+000, 0.000000e+000, 0.000000e+000, 0.000000e+000, 0.000000e+000, 0.000000e+000, 0.000000e+000, 0.000000e+000, 0.000000e+000, 0.000000e+000, 0.000000e+000, 0.000000e+000, 0.000000e+000, 0.000000e+000
1.784635e+001, 0.000000e+000, 0.000000e+000, 0.000000e+000, 0.000000e+000, 0.000000e+000, 0.000000e+000, 0.000000e+000, 0.000000e+000, 0.000000e+000, 0.000000e+000, 0.000000e+000, 0.000000e+000, 0.000000e+000, 0.000000e+000
1.829635e+001, 0.000000e+000, 0.000000e+000, 0.000000e+000, 0.000000e+000, 0.000000e+000, 0.000000e+000, 0.000000e+000, 0.000000e+000, 0.000000e+000, 0.000000e+000, 0.000000e+000, 0.000000e+000, 0.000000e+000, 0.000000e+000
1.874635e+001, 0.000000e+000, 0.000000e+000, 0.000000e+000, 0.000000e+000, 0.000000e+000, 0.000000e+000, 0.000000e+000, 0.000000e+000, 0.000000e+000, 0.000000e+000, 0.000000e+000, 0.000000e+000, 0.000000e+000, 0.000000e+000
1.919635e+001, 0.000000e+000, 0.000000e+000, 0.000000e+000, 0.000000e+000, 0.000000e+000, 0.000000e+000, 0.000000e+000, 0.000000e+000, 0.000000e+000, 0.000000e+000, 0.000000e+000, 0.000000e+000, 0.000000e+000, 0.000000e+000
1.964635e+001, 0.000000e+000, 0.000000e+000, 0.000000e+000, 0.000000e+000, 0.000000e+000, 0.000000e+000, 0.000000e+000, 0.000000e+000, 0.000000e+000, 0.000000e+000, 0.000000e+000, 0.000000e+000, 0.000000e+000, 0.000000e+000
2.009635e+001, 0.000000e+000, 0.000000e+000, 0.000000e+000, 0.000000e+000, 0.000000e+000, 0.000000e+000, 0.000000e+000, 0.000000e+000, 0.000000e+000, 0.000000e+000, 0.000000e+000, 0.000000e+000, 0.000000e+000, 0.000000e+000
2.054635e+001, 0.000000e+000, 0.000000e+000, 0.000000e+000, 0.000000e+000, 0.000000e+000, 0.000000e+000, 0.000000e+000, 0.000000e+000, 0.000000e+000, 0.000000e+000, 0.000000e+000, 0.000000e+000, 0.000000e+000, 0.000000e+000
2.099635e+001, 0.000000e+000, 0.000000e+000, 0.000000e+000, 0.000000e+000, 0.000000e+000, 0.000000e+000, 0.000000e+000, 0.000000e+000, 0.000000e+000, 0.000000e+000, 0.000000e+000, 0.000000e+000, 0.000000e+000, 0.000000e+000
2.144635e+001, 0.000000e+000, 0.000000e+000, 0.000000e+000, 0.000000e+000, 0.000000e+000, 0.000000e+000, 0.000000e+000, 0.000000e+000, 0.000000e+000, 0.000000e+000, 0.000000e+000, 0.000000e+000, 0.000000e+000, 0.000000e+000
2.189635e+001, 0.000000e+000, 0.000000e+000, 0.000000e+000, 0.000000e+000, 0.000000e+000, 0.000000e+000, 0.000000e+000, 0.000000e+000, 0.000000e+000, 0.000000e+000, 0.000000e+000, 0.000000e+000, 0.000000e+000, 0.000000e+000
2.234635e+001, 0.000000e+000, 0.000000e+000, 0.000000e+000, 0.000000e+000, 0.000000e+000, 0.000000e+000, 0.000000e+000, 0.000000e+000, 0.000000e+000, 0.000000e+000, 0.000000e+000, 0.000000e+000, 0.000000e+000, 0.000000e+000
2.279635e+001, 0.000000e+000, 0.000000e+000, 0.000000e+000, 0.000000e+000, 0.000000e+000, 0.000000e+000, 0.000000e+000, 0.000000e+000, 0.000000e+000, 0.000000e+000, 0.000000e+000, 0.000000e+000, 0.000000e+000, 0.000000e+000
2.324635e+001, 0.000000e+000, 0.000000e+000, 0.000000e+000, 0.000000e+000, 0.000000e+000, 0.000000e+000, 0.000000e+000, 0.000000e+000, 0.000000e+000, 0.000000e+000, 0.000000e+000, 0.000000e+000, 0.000000e+000, 0.000000e+000
2.369635e+001, 0.000000e+000, 0.000000e+000, 0.000000e+000, 0.000000e+000, 0.000000e+000, 0.000000e+000, 0.000000e+000, 0.000000e+000, 0.000000e+000, 0.000000e+000, 0.000000e+000, 0.000000e+000, 0.000000e+000, 0.000000e+000
2.414635e+001, 0.000000e+000, 0.000000e+000, 0.000000e+000, 0.000000e+000, 0.000000e+000, 0.000000e+000, 0.000000e+000, 0.000000e+000, 0.000000e+000, 0.000000e+000, 0.000000e+000, 0.000000e+000, 0.000000e+000, 0.000000e+000
2.459635e+001, 0.000000e+000, 0.000000e+000, 0.000000e+000, 0.000000e+000, 0.000000e+000, 0.000000e+000, 0.000000e+000, 0.000000e+000, 0.000000e+000, 0.000000e+000, 0.000000e+000, 0.000000e+000, 0.000000e+000, 0.000000e+000
2.504635e+001, 0.000000e+000, 0.000000e+000, 0.000000e+000, 0.000000e+000, 0.000000e+000, 0.000000e+000, 0.000000e+000, 0.000000e+000, 0.000000e+000, 0.000000e+000, 0.000000e+000, 0.000000e+000, 0.000000e+000, 0.000000e+000
2.549635e+001, 0.000000e+000, 0.000000e+000, 0.000000e+000, 0.000000e+000, 0.000000e+000, 0.000000e+000, 0.000000e+000, 0.000000e+000, 0.000000e+000, 0.000000e+000, 0.000000e+000, 0.000000e+000, 0.000000e+000, 0.000000e+000
2.594635e+001, 0.000000e+000, 0.000000e+000, 0.000000e+000, 0.000000e+000, 0.000000e+000, 0.000000e+000, 0.000000e+000, 0.000000e+000, 0.000000e+000, 0.000000e+000, 0.000000e+000, 0.000000e+000, 0.000000e+000, 0.000000e+000
2.639635e+001, 0.000000e+000, 0.000000e+000, 0.000000e+000, 0.000000e+000, 0.000000e+000, 0.000000e+000, 0.000000e+000, 0.000000e+000, 0.000000e+000, 0.000000e+000, 0.000000e+000, 0.000000e+000, 0.000000e+000, 0.000000e+000
2.684635e+001, 0.000000e+000, 0.000000e+000, 0.000000e+000, 0.000000e+000, 0.000000e+000, 0.000000e+000, 0.000000e+000, 0.000000e+000, 0.000000e+000, 0.000000e+000, 0.000000e+000, 0.000000e+000, 0.000000e+000, 0.000000e+000
2.729635e+001, 0.000000e+000, 0.000000e+000, 0.000000e+000, 0.000000e+000, 0.000000e+000, 0.000000e+000, 0.000000e+000, 0.000000e+000, 0.000000e+000, 0.000000e+000, 0.000000e+000, 0.000000e+000, 0.000000e+000, 0.000000e+000
2.774635e+001, 0.000000e+000, 0.000000e+000, 0.000000e+000, 0.000000e+000, 0.000000e+000, 0.000000e+000, 0.000000e+000, 0.000000e+000, 0.000000e+000, 0.000000e+000, 0.000000e+000, 0.000000e+000, 0.000000e+000, 0.000000e+000
2.819635e+001, 0.000000e+000, 0.000000e+000, 0.000000e+000, 0.000000e+000, 0.000000e+000, 0.000000e+000, 0.000000e+000, 0.000000e+000, 0.000000e+000, 0.000000e+000, 0.000000e+000, 0.000000e+000, 0.000000e+000, 0.000000e+000
2.864635e+001, 0.000000e+000, 0.000000e+000, 0.000000e+000, 0.000000e+000, 0.000000e+000, 0.000000e+000, 0.000000e+000, 0.000000e+000, 0.000000e+000, 0.000000e+000, 0.000000e+000, 0.000000e+000, 0.000000e+000, 0.000000e+000
2.909635e+001, 0.000000e+000, 0.000000e+000, 0.000000e+000, 0.000000e+000, 0.000000e+000, 0.000000e+000, 0.000000e+000, 0.000000e+000, 0.000000e+000, 0.000000e+000, 0.000000e+000, 0.000000e+000, 0.000000e+000, 0.000000e+000
2.954635e+001, 0.000000e+000, 0.000000e+000, 0.000000e+000, 0.000000e+000, 0.000000e+000, 0.000000e+000, 0.000000e+000, 0.000000e+000, 0.000000e+000, 0.000000e+000, 0.000000e+000, 0.000000e+000, 0.000000e+000, 0.000000e+000
2.999635e+001, 0.000000e+000, 0.000000e+000, 0.000000e+000, 0.000000e+000, 0.000000e+000, 0.000000e+000, 0.000000e+000, 0.000000e+000, 0.000000e+000, 0.000000e+000, 0.000000e+000, 0.000000e+000, 0.000000e+000, 0.000000e+000
3.044635e+001, 0.000000e+000, 0.000000e+000, 0.000000e+000, 0.000000e+000, 0.000000e+000, 0.000000e+000, 0.000000e+000, 0.000000e+000, 0.000000e+000, 0.000000e+000, 0.000000e+000, 0.000000e+000, 0.000000e+000, 0.000000e+000
3.089635e+001, 0.000000e+000, 0.000000e+000, 0.000000e+000, 0.000000e+000, 0.000000e+000, 0.000000e+000, 0.000000e+000, 0.000000e+000, 0.000000e+000, 0.000000e+000, 0.000000e+000, 0.000000e+000, 0.000000e+000, 0.000000e+000
3.134635e+001, 0.000000e+000, 0.000000e+000, 0.000000e+000, 0.000000e+000, 0.000000e+000, 0.000000e+000, 0.000000e+000, 0.000000e+000, 0.000000e+000, 0.000000e+000, 0.000000e+000, 0.000000e+000, 0.000000e+000, 0.000000e+000
3.179635e+001, 0.000000e+000, 0.000000e+000, 0.000000e+000, 0.000000e+000, 0.000000e+000, 0.000000e+000, 0.000000e+000, 0.000000e+000, 0.000000e+000, 0.000000e+000, 0.000000e+000, 0.000000e+000, 0.000000e+000, 0.000000e+000
3.224635e+001, 0.000000e+000, 0.000000e+000, 0.000000e+000, 0.000000e+000, 0.000000e+000, 0.000000e+000, 0.000000e+000, 0.000000e+000, 0.000000e+000, 0.000000e+000, 0.000000e+000, 0.000000e+000, 0.000000e+000, 0.000000e+000
3.269635e+001, 0.000000e+000, 0.000000e+000, 0.000000e+000, 0.000000e+000, 0.000000e+000, 0.000000e+000, 0.000000e+000, 0.000000e+000, 0.000000e+000, 0.000000e+000, 0.000000e+000, 0.000000e+000, 0.000000e+000, 0.000000e+000
3.314635e+001, 0.000000e+000, 0.000000e+000, 0.000000e+000, 0.000000e+000, 0.000000e+000, 0.000000e+000, 0.000000e+000, 0.000000e+000, 0.000000e+000, 0.000000e+000, 0.000000e+000, 0.000000e+000, 0.000000e+000, 0.000000e+000
3.359635e+001, 0.000000e+000, 0.000000e+000, 0.000000e+000, 0.000000e+000, 0.000000e+000, 0.000000e+000, 0.000000e+000, 0.000000e+000, 0.000000e+000, 0.000000e+000, 0.000000e+000, 0.000000e+000, 0.000000e+000, 0.000000e+000
3.404635e+001, 0.000000e+000, 0.000000e+000, 0.000000e+000, 0.000000e+000, 0.000000e+000, 0.000000e+000, 0.000000e+000, 0.000000e+000, 0.000000e+000, 0.000000e+000, 0.000000e+000, 0.000000e+000, 0.000000e+000, 0.000000e+000
3.449635e+001, 0.000000e+000, 0.000000e+000, 0.000000e+000, 0.000000e+000, 0.000000e+000, 0.000000e+000, 0.000000e+000, 0.000000e+000, 0.000000e+000, 0.000000e+000, 0.000000e+000, 0.000000e+000, 0.000000e+000, 0.000000e+000
3.494635e+001, 0.000000e+000, 0.000000e+000, 0.000000e+000, 0.000000e+000, 0.000000e+000, 0.000000e+000, 0.000000e+000, 0.000000e+000, 0.000000e+000, 0.000000e+000, 0.000000e+000, 0.000000e+000, 0.000000e+000, 0.000000e+000
3.539635e+001, 0.000000e+000, 0.000000e+000, 0.000000e+000, 0.000000e+000, 0.000000e+000, 0.000000e+000, 0.000000e+000, 0.000000e+000, 0.000000e+000, 0.000000e+000, 0.000000e+000, 0.000000e+000, 0.000000e+000, 0.000000e+000
3.584635e+001, 0.000000e+000, 0.000000e+000, 0.000000e+000, 0.000000e+000, 0.000000e+000, 0.000000e+000, 0.000000e+000, 0.000000e+000, 0.000000e+000, 0.000000e+000, 0.000000e+000, 0.000000e+000, 0.000000e+000, 0.000000e+000
3.629635e+001, 0.000000e+000, 0.000000e+000, 0.000000e+000, 0.000000e+000, 0.000000e+000, 0.000000e+000, 0.000000e+000, 0.000000e+000, 0.000000e+000, 0.000000e+000, 0.000000e+000, 0.000000e+000, 0.000000e+000, 0.000000e+000
3.674635e+001, 0.000000e+000, 0.000000e+000, 0.000000e+000, 0.000000e+000, 0.000000e+000, 0.000000e+000, 0.000000e+000, 0.000000e+000, 0.000000e+000, 0.000000e+000, 0.000000e+000, 0.000000e+000, 0.000000e+000, 0.000000e+000
3.719635e+001, 0.000000e+000, 0.000000e+000, 0.000000e+000, 0.000000e+000, 0.000000e+000, 0.000000e+000, 0.000000e+000, 0.000000e+000, 0.000000e+000, 0.000000e+000, 0.000000e+000, 0.000000e+000, 0.000000e+000, 0.000000e+000
3.764635e+001, 0.000000e+000, 0.000000e+000, 0.000000e+000, 0.000000e+000, 0.000000e+000, 0.000000e+000, 0.000000e+000, 0.000000e+000, 0.000000e+000, 0.000000e+000, 0.000000e+000, 0.000000e+000, 0.000000e+000, 0.000000e+000
3.809635e+001, 0.000000e+000, 0.000000e+000, 0.000000e+000, 0.000000e+000, 0.000000e+000, 0.000000e+000, 0.000000e+000, 0.000000e+000, 0.000000e+000, 0.000000e+000, 0.000000e+000, 0.000000e+000, 0.000000e+000, 0.000000e+000
3.854635e+001, 0.000000e+000, 0.000000e+000, 0.000000e+000, 0.000000e+000, 0.000000e+000, 0.000000e+000, 0.000000e+000, 0.000000e+000, 0.000000e+000, 0.000000e+000, 0.000000e+000, 0.000000e+000, 0.000000e+000, 0.000000e+000
3.899635e+001, 0.000000e+000, 0.000000e+000, 0.000000e+000, 0.000000e+000, 0.000000e+000, 0.000000e+000, 0.000000e+000, 0.000000e+000, 0.000000e+000, 0.000000e+000, 0.000000e+000, 0.000000e+000, 0.000000e+000, 0.000000e+000
3.944635e+001, 0.000000e+000, 0.000000e+000, 0.000000e+000, 0.000000e+000, 0.000000e+000, 0.000000e+000, 0.000000e+000, 0.000000e+000, 0.000000e+000, 0.000000e+000, 0.000000e+000, 0.000000e+000, 0.000000e+000, 0.000000e+000
3.989635e+001, 0.000000e+000, 0.000000e+000, 0.000000e+000, 0.000000e+000, 0.000000e+000, 0.000000e+000, 0.000000e+000, 0.000000e+000, 0.000000e+000, 0.000000e+000, 0.000000e+000, 0.000000e+000, 0.000000e+000, 0.000000e+000
4.034635e+001, 0.000000e+000, 0.000000e+000, 0.000000e+000, 0.000000e+000, 0.000000e+000, 0.000000e+000, 0.000000e+000, 0.000000e+000, 0.000000e+000, 0.000000e+000, 0.000000e+000, 0.000000e+000, 0.000000e+000, 0.000000e+000
4.079635e+001, 0.000000e+000, 0.000000e+000, 0.000000e+000, 0.000000e+000, 0.000000e+000, 0.000000e+000, 0.000000e+000, 0.000000e+000, 0.000000e+000, 0.000000e+000, 0.000000e+000, 0.000000e+000, 0.000000e+000, 0.000000e+000
4.124635e+001, 0.000000e+000, 0.000000e+000, 0.000000e+000, 0.000000e+000, 0.000000e+000, 0.000000e+000, 0.000000e+000, 0.000000e+000, 0.000000e+000, 0.000000e+000, 0.000000e+000, 0.000000e+000, 0.000000e+000, 0.000000e+000
4.169635e+001, 0.000000e+000, 0.000000e+000, 0.000000e+000, 0.000000e+000, 0.000000e+000, 0.000000e+000, 0.000000e+000, 0.000000e+000, 0.000000e+000, 0.000000e+000, 0.000000e+000, 0.000000e+000, 0.000000e+000, 0.000000e+000
4.214635e+001, 0.000000e+000, 0.000000e+000, 0.000000e+000, 0.000000e+000, 0.000000e+000, 0.000000e+000, 0.000000e+000, 0.000000e+000, 0.000000e+000, 0.000000e+000, 0.000000e+000, 0.000000e+000, 0.000000e+000, 0.000000e+000
4.259635e+001, 0.000000e+000, 0.000000e+000, 0.000000e+000, 0.000000e+000, 0.000000e+000, 0.000000e+000, 0.000000e+000, 0.000000e+000, 0.000000e+000, 0.000000e+000, 0.000000e+000, 0.000000e+000, 0.000000e+000, 0.000000e+000
4.304635e+001, 0.000000e+000, 0.000000e+000, 0.000000e+000, 0.000000e+000, 0.000000e+000, 0.000000e+000, 0.000000e+000, 0.000000e+000, 0.000000e+000, 0.000000e+000, 0.000000e+000, 0.000000e+000, 0.000000e+000, 0.000000e+000
4.349635e+001, 0.000000e+000, 0.000000e+000, 0.000000e+000, 0.000000e+000, 0.000000e+000, 0.000000e+000, 0.000000e+000, 0.000000e+000, 0.000000e+000, 0.000000e+000, 0.000000e+000, 0.000000e+000, 0.000000e+000, 0.000000e+000
4.394635e+001, 0.000000e+000, 0.000000e+000, 0.000000e+000, 0.000000e+000, 0.000000e+000, 0.000000e+000, 0.000000e+000, 0.000000e+000, 0.000000e+000, 0.000000e+000, 0.000000e+000, 0.000000e+000, 0.000000e+000, 0.000000e+000
4.439635e+001, 0.000000e+000, 0.000000e+000, 0.000000e+000, 0.000000e+000, 0.000000e+000, 0.000000e+000, 0.000000e+000, 0.000000e+000, 0.000000e+000, 0.000000e+000, 0.000000e+000, 0.000000e+000, 0.000000e+000, 0.000000e+000
4.484635e+001, 0.000000e+000, 0.000000e+000, 0.000000e+000, 0.000000e+000, 0.000000e+000, 0.000000e+000, 0.000000e+000, 0.000000e+000, 0.000000e+000, 0.000000e+000, 0.000000e+000, 0.000000e+000, 0.000000e+000, 0.000000e+000
4.500000e+001, 0.000000e+000, 0.000000e+000, 0.000000e+000, 0.000000e+000, 0.000000e+000, 0.000000e+000, 0.000000e+000, 0.000000e+000, 0.000000e+000, 0.000000e+000, 0.000000e+000, 0.000000e+000, 0.000000e+000, 0.000000e+000
